id,name,type1,type2,hp,attack,defense,sp_attack,sp_defense,speed,is_legendary,is_mythical,dex_number,tier,abilities,types,is_fully_evolved
1,bulbasaur,grass,poison,45,49,49,65,65,45,False,False,1,LC,"Overgrow, Chlorophyll","Grass, Poison",False
2,ivysaur,grass,poison,60,62,63,80,80,60,False,False,2,NFE,"Overgrow, Chlorophyll","Grass, Poison",False
3,venusaur,grass,poison,80,82,83,100,100,80,False,False,3,ZU,"Overgrow, Chlorophyll","Grass, Poison",True
4,charmander,fire,,39,52,43,60,50,65,False,False,4,LC,"Blaze, Solar Power",Fire,False
5,charmeleon,fire,,58,64,58,80,65,80,False,False,5,NFE,"Blaze, Solar Power",Fire,False
6,charizard,fire,flying,78,84,78,109,85,100,False,False,6,ZU,"Blaze, Solar Power","Fire, Flying",True
7,squirtle,water,,44,48,65,50,64,43,False,False,7,LC,"Torrent, Rain Dish",Water,False
8,wartortle,water,,59,63,80,65,80,58,False,False,8,NFE,"Torrent, Rain Dish",Water,False
9,blastoise,water,,79,83,100,85,105,78,False,False,9,RUBL,"Torrent, Rain Dish",Water,True
23,ekans,poison,,35,60,44,40,54,55,False,False,23,LC,"Intimidate, Shed Skin, Unnerve",Poison,False
24,arbok,poison,,60,95,69,65,79,80,False,False,24,ZU,"Intimidate, Shed Skin, Unnerve",Poison,True
25,pikachu,electric,,35,55,40,50,50,90,False,False,25,ZU,"Static, Lightning Rod",Electric,False
26,raichu,electric,,60,90,55,90,80,110,False,False,26,ZU,"Static, Lightning Rod",Electric,True
27,sandshrew,ground,,50,75,85,20,30,40,False,False,27,LC,"Sand Veil, Sand Rush",Ground,False
28,sandslash,ground,,75,100,110,45,55,65,False,False,28,ZU,"Sand Veil, Sand Rush",Ground,True
35,clefairy,fairy,,70,45,48,60,65,35,False,False,35,NFE,"Cute Charm, Magic Guard, Friend Guard",Fairy,False
36,clefable,fairy,,95,70,73,95,90,60,False,False,36,OU,"Cute Charm, Magic Guard, Unaware",Fairy,True
37,vulpix,fire,,38,41,40,50,65,65,False,False,37,NFE,"Flash Fire, Drought",Fire,False
38,ninetales,fire,,73,76,75,81,100,100,False,False,38,ZU,"Flash Fire, Drought",Fire,True
39,jigglypuff,normal,fairy,115,45,20,45,25,20,False,False,39,NFE,"Cute Charm, Competitive, Friend Guard","Normal, Fairy",False
40,wigglytuff,normal,fairy,140,70,45,85,50,45,False,False,40,ZU,"Cute Charm, Competitive, Frisk","Normal, Fairy",True
43,oddish,grass,poison,45,50,55,75,65,30,False,False,43,LC,"Chlorophyll, Run Away","Grass, Poison",False
44,gloom,grass,poison,60,65,70,85,75,40,False,False,44,NFE,"Chlorophyll, Stench","Grass, Poison",False
45,vileplume,grass,poison,75,80,85,110,90,50,False,False,45,PU,"Chlorophyll, Effect Spore","Grass, Poison",True
48,venonat,bug,poison,60,55,50,40,55,45,False,False,48,LC,"Compound Eyes, Tinted Lens, Run Away","Bug, Poison",False
49,venomoth,bug,poison,70,65,60,90,75,90,False,False,49,ZUBL,"Shield Dust, Tinted Lens, Wonder Skin","Bug, Poison",True
50,diglett,ground,,10,55,25,35,45,95,False,False,50,NFE,"Sand Veil, Arena Trap, Sand Force",Ground,False
51,dugtrio,ground,,35,100,50,50,70,120,False,False,51,ZU,"Sand Veil, Arena Trap, Sand Force",Ground,True
52,meowth,normal,,40,45,35,40,40,90,False,False,52,LC,"Pickup, Technician, Unnerve",Normal,False
53,persian,normal,,65,70,60,65,65,115,False,False,53,ZU,"Limber, Technician, Unnerve",Normal,True
54,psyduck,water,,50,52,48,65,50,55,False,False,54,LC,"Damp, Cloud Nine, Swift Swim",Water,False
55,golduck,water,,80,82,78,95,80,85,False,False,55,ZU,"Damp, Cloud Nine, Swift Swim",Water,True
56,mankey,fighting,,40,80,35,35,45,70,False,False,56,LC,"Vital Spirit, Anger Point, Defiant",Fighting,False
57,primeape,fighting,,65,105,60,60,70,95,False,False,57,ZU,"Vital Spirit, Anger Point, Defiant",Fighting,False
58,growlithe,fire,,55,70,45,70,50,60,False,False,58,LC,"Intimidate, Flash Fire, Justified",Fire,False
59,arcanine,fire,,90,110,80,100,80,95,False,False,59,NU,"Intimidate, Flash Fire, Justified",Fire,True
60,poliwag,water,,40,50,40,40,40,90,False,False,60,LC,"Water Absorb, Damp, Swift Swim",Water,False
61,poliwhirl,water,,65,65,65,50,50,90,False,False,61,NFE,"Water Absorb, Damp, Swift Swim",Water,False
62,poliwrath,water,fighting,90,95,95,70,90,70,False,False,62,ZU,"Water Absorb, Damp, Swift Swim","Water, Fighting",True
69,bellsprout,grass,poison,50,75,35,70,30,40,False,False,69,LC,"Chlorophyll, Gluttony","Grass, Poison",False
70,weepinbell,grass,poison,65,90,50,85,45,55,False,False,70,NFE,"Chlorophyll, Gluttony","Grass, Poison",False
71,victreebel,grass,poison,80,105,65,100,70,70,False,False,71,ZU,"Chlorophyll, Gluttony","Grass, Poison",True
72,tentacool,water,poison,40,40,35,50,100,70,False,False,72,LC,"Clear Body, Liquid Ooze, Rain Dish","Water, Poison",False
73,tentacruel,water,poison,80,70,65,80,120,100,False,False,73,NU,"Clear Body, Liquid Ooze, Rain Dish","Water, Poison",True
74,geodude,rock,ground,40,80,100,30,30,20,False,False,74,LC,"Rock Head, Sturdy, Sand Veil","Rock, Ground",False
75,graveler,rock,ground,55,95,115,45,45,35,False,False,75,NFE,"Rock Head, Sturdy, Sand Veil","Rock, Ground",False
76,golem,rock,ground,80,120,130,55,65,45,False,False,76,ZU,"Rock Head, Sturdy, Sand Veil","Rock, Ground",True
79,slowpoke,water,psychic,90,65,65,40,40,15,False,False,79,LC,"Oblivious, Own Tempo, Regenerator","Water, Psychic",False
80,slowbro,water,psychic,95,75,110,100,80,30,False,False,80,RU,"Oblivious, Own Tempo, Regenerator","Water, Psychic",True
81,magnemite,electric,steel,25,35,70,95,55,45,False,False,81,LC,"Magnet Pull, Sturdy, Analytic","Electric, Steel",False
82,magneton,electric,steel,50,60,95,120,70,70,False,False,82,ZU,"Magnet Pull, Sturdy, Analytic","Electric, Steel",False
84,doduo,normal,flying,35,85,45,35,35,75,False,False,84,LC,"Run Away, Early Bird, Tangled Feet","Normal, Flying",False
85,dodrio,normal,flying,60,110,70,60,60,110,False,False,85,ZU,"Run Away, Early Bird, Tangled Feet","Normal, Flying",True
86,seel,water,,65,45,55,45,70,45,False,False,86,LC,"Thick Fat, Hydration, Ice Body",Water,False
87,dewgong,water,ice,90,70,80,70,95,70,False,False,87,ZU,"Thick Fat, Hydration, Ice Body","Water, Ice",True
88,grimer,poison,,80,80,50,40,50,25,False,False,88,LC,"Stench, Sticky Hold, Poison Touch",Poison,False
89,muk,poison,,105,105,75,65,100,50,False,False,89,ZU,"Stench, Sticky Hold, Poison Touch",Poison,True
90,shellder,water,,30,65,100,45,25,40,False,False,90,NFE,"Shell Armor, Skill Link, Overcoat",Water,False
91,cloyster,water,ice,50,95,180,85,45,70,False,False,91,NUBL,"Shell Armor, Skill Link, Overcoat","Water, Ice",True
92,gastly,ghost,poison,30,35,30,100,35,80,False,False,92,NFE,Levitate,"Ghost, Poison",False
93,haunter,ghost,poison,45,50,45,115,55,95,False,False,93,NFE,Levitate,"Ghost, Poison",False
94,gengar,ghost,poison,60,65,60,130,75,110,False,False,94,RU,Cursed Body,"Ghost, Poison",True
96,drowzee,psychic,,60,48,45,43,90,42,False,False,96,LC,"Insomnia, Forewarn, Inner Focus",Psychic,False
97,hypno,psychic,,85,73,70,73,115,67,False,False,97,ZU,"Insomnia, Forewarn, Inner Focus",Psychic,True
100,voltorb,electric,,40,30,50,55,55,100,False,False,100,LC,"Soundproof, Static, Aftermath",Electric,False
101,electrode,electric,,60,50,70,80,80,150,False,False,101,ZU,"Soundproof, Static, Aftermath",Electric,True
102,exeggcute,grass,psychic,60,40,80,60,45,40,False,False,102,LC,"Chlorophyll, Harvest","Grass, Psychic",False
103,exeggutor,grass,psychic,95,95,85,125,75,55,False,False,103,ZU,"Chlorophyll, Harvest","Grass, Psychic",True
106,hitmonlee,fighting,,50,120,53,35,110,87,False,False,106,PU,"Limber, Reckless, Unburden",Fighting,True
107,hitmonchan,fighting,,50,105,79,35,110,76,False,False,107,ZU,"Keen Eye, Iron Fist, Inner Focus",Fighting,True
109,koffing,poison,,40,65,95,60,45,35,False,False,109,LC,"Levitate, Neutralizing Gas, Stench",Poison,False
110,weezing,poison,,65,90,120,85,70,60,False,False,110,ZU,"Levitate, Neutralizing Gas, Stench",Poison,True
111,rhyhorn,ground,rock,80,85,95,30,30,25,False,False,111,LC,"Lightning Rod, Rock Head, Reckless","Ground, Rock",False
112,rhydon,ground,rock,105,130,120,45,45,40,False,False,112,PU,"Lightning Rod, Rock Head, Reckless","Ground, Rock",False
113,chansey,normal,,250,5,5,35,105,50,False,False,113,NU,"Natural Cure, Serene Grace, Healer",Normal,False
116,horsea,water,,30,40,70,70,25,60,False,False,116,LC,"Swift Swim, Sniper, Damp",Water,False
117,seadra,water,,55,65,95,95,45,85,False,False,117,NFE,"Poison Point, Sniper, Damp",Water,False
123,scyther,bug,flying,70,110,80,55,80,105,False,False,123,NU,"Swarm, Technician, Steadfast","Bug, Flying",False
125,electabuzz,electric,,65,83,57,95,85,105,False,False,125,NFE,"Static, Vital Spirit",Electric,False
126,magmar,fire,,65,95,57,100,85,93,False,False,126,NFE,"Flame Body, Vital Spirit",Fire,False
128,tauros,normal,,75,100,95,40,70,110,False,False,128,ZU,"Intimidate, Anger Point, Sheer Force",Normal,True
129,magikarp,water,,20,10,55,15,20,80,False,False,129,LC,"Swift Swim, Rattled",Water,False
130,gyarados,water,flying,95,125,79,60,100,81,False,False,130,RUBL,"Intimidate, Moxie","Water, Flying",True
131,lapras,water,ice,130,85,80,85,95,60,False,False,131,ZU,"Water Absorb, Shell Armor, Hydration","Water, Ice",True
132,ditto,normal,,48,48,48,48,48,48,False,False,132,ZU,"Limber, Imposter",Normal,True
133,eevee,normal,,55,55,50,45,65,55,False,False,133,LC,"Run Away, Adaptability, Anticipation",Normal,False
134,vaporeon,water,,130,65,60,110,95,65,False,False,134,NU,"Water Absorb, Hydration",Water,True
135,jolteon,electric,,65,65,60,110,95,130,False,False,135,ZU,"Volt Absorb, Quick Feet",Electric,True
136,flareon,fire,,65,130,60,95,110,65,False,False,136,ZU,"Flash Fire, Guts",Fire,True
137,porygon,normal,,65,60,70,85,75,40,False,False,137,NFE,"Trace, Download, Analytic",Normal,False
143,snorlax,normal,,160,110,65,65,110,30,False,False,143,PU,"Immunity, Thick Fat, Gluttony",Normal,True
144,articuno,ice,flying,90,85,100,95,125,85,True,False,144,ZU,"Pressure, Snow Cloak","Ice, Flying",True
145,zapdos,electric,flying,90,90,85,125,90,100,True,False,145,OU,"Pressure, Static","Electric, Flying",True
146,moltres,fire,flying,90,100,90,125,85,90,True,False,146,OU,"Pressure, Flame Body","Fire, Flying",True
147,dratini,dragon,,41,64,45,50,50,50,False,False,147,LC,"Shed Skin, Marvel Scale",Dragon,False
148,dragonair,dragon,,61,84,65,70,70,70,False,False,148,NFE,"Shed Skin, Marvel Scale",Dragon,False
149,dragonite,dragon,flying,91,134,95,100,100,80,False,False,149,OU,"Inner Focus, Multiscale","Dragon, Flying",True
150,mewtwo,psychic,,106,110,90,154,90,130,True,False,150,Uber,"Pressure, Unnerve",Psychic,True
151,mew,psychic,,100,100,100,100,100,100,False,True,151,UU,Synchronize,Psychic,True
152,chikorita,grass,,45,49,65,49,65,45,False,False,152,LC,"Overgrow, Leaf Guard",Grass,False
153,bayleef,grass,,60,62,80,63,80,60,False,False,153,NFE,"Overgrow, Leaf Guard",Grass,False
154,meganium,grass,,80,82,100,83,100,80,False,False,154,ZU,"Overgrow, Leaf Guard",Grass,True
155,cyndaquil,fire,,39,52,43,60,50,65,False,False,155,LC,"Blaze, Flash Fire",Fire,False
156,quilava,fire,,58,64,58,80,65,80,False,False,156,NFE,"Blaze, Flash Fire",Fire,False
157,typhlosion,fire,,78,84,78,109,85,100,False,False,157,ZU,"Blaze, Flash Fire",Fire,True
158,totodile,water,,50,65,64,44,48,43,False,False,158,LC,"Torrent, Sheer Force",Water,False
159,croconaw,water,,65,80,80,59,63,58,False,False,159,NFE,"Torrent, Sheer Force",Water,False
160,feraligatr,water,,85,105,100,79,83,78,False,False,160,NUBL,"Torrent, Sheer Force",Water,True
161,sentret,normal,,35,46,34,35,45,20,False,False,161,LC,"Run Away, Keen Eye, Frisk",Normal,False
162,furret,normal,,85,76,64,45,55,90,False,False,162,ZU,"Run Away, Keen Eye, Frisk",Normal,True
163,hoothoot,normal,flying,60,30,30,36,56,50,False,False,163,LC,"Insomnia, Keen Eye, Tinted Lens","Normal, Flying",False
164,noctowl,normal,flying,100,50,50,86,96,70,False,False,164,ZU,"Insomnia, Keen Eye, Tinted Lens","Normal, Flying",True
167,spinarak,bug,poison,40,60,40,40,40,30,False,False,167,LC,"Swarm, Insomnia, Sniper","Bug, Poison",False
168,ariados,bug,poison,70,90,70,60,70,40,False,False,168,ZU,"Swarm, Insomnia, Sniper","Bug, Poison",True
170,chinchou,water,electric,75,38,38,56,56,67,False,False,170,LC,"Volt Absorb, Illuminate, Water Absorb","Water, Electric",False
171,lanturn,water,electric,125,58,58,76,76,67,False,False,171,PU,"Volt Absorb, Illuminate, Water Absorb","Water, Electric",True
172,pichu,electric,,20,40,15,35,35,60,False,False,172,LC,"Static, Lightning Rod",Electric,False
173,cleffa,fairy,,50,25,28,45,55,15,False,False,173,LC,"Cute Charm, Magic Guard, Friend Guard",Fairy,False
174,igglybuff,normal,fairy,90,30,15,40,20,15,False,False,174,LC,"Cute Charm, Competitive, Friend Guard","Normal, Fairy",False
179,mareep,electric,,55,40,40,65,45,35,False,False,179,LC,"Static, Plus",Electric,False
180,flaaffy,electric,,70,55,55,80,60,45,False,False,180,NFE,"Static, Plus",Electric,False
181,ampharos,electric,,90,75,85,115,90,55,False,False,181,ZU,"Static, Plus",Electric,True
182,bellossom,grass,,75,80,95,90,100,50,False,False,182,ZUBL,"Chlorophyll, Healer",Grass,True
183,marill,water,fairy,70,20,50,20,50,40,False,False,183,NFE,"Thick Fat, Huge Power, Sap Sipper","Water, Fairy",False
184,azumarill,water,fairy,100,50,80,60,80,50,False,False,184,UU,"Thick Fat, Huge Power, Sap Sipper","Water, Fairy",True
185,sudowoodo,rock,,70,100,115,30,65,30,False,False,185,ZU,"Sturdy, Rock Head, Rattled",Rock,True
186,politoed,water,,90,75,75,90,100,70,False,False,186,RU,"Water Absorb, Damp, Drizzle",Water,True
187,hoppip,grass,flying,35,35,40,35,55,50,False,False,187,LC,"Chlorophyll, Leaf Guard, Infiltrator","Grass, Flying",False
188,skiploom,grass,flying,55,45,50,45,65,80,False,False,188,NFE,"Chlorophyll, Leaf Guard, Infiltrator","Grass, Flying",False
189,jumpluff,grass,flying,75,55,70,55,95,110,False,False,189,ZU,"Chlorophyll, Leaf Guard, Infiltrator","Grass, Flying",True
190,aipom,normal,,55,70,55,40,55,85,False,False,190,NFE,"Run Away, Pickup, Skill Link",Normal,False
191,sunkern,grass,,30,30,30,30,30,30,False,False,191,LC,"Chlorophyll, Solar Power, Early Bird",Grass,False
192,sunflora,grass,,75,75,55,105,85,30,False,False,192,ZU,"Chlorophyll, Solar Power, Early Bird",Grass,True
193,yanma,bug,flying,65,65,45,75,45,95,False,False,193,NFE,"Speed Boost, Compound Eyes, Frisk","Bug, Flying",False
194,wooper,water,ground,55,45,45,25,25,15,False,False,194,LC,"Damp, Water Absorb, Unaware","Water, Ground",False
195,quagsire,water,ground,95,85,85,65,65,35,False,False,195,RU,"Damp, Water Absorb, Unaware","Water, Ground",True
196,espeon,psychic,,65,65,60,130,95,110,False,False,196,NU,"Synchronize, Magic Bounce",Psychic,True
197,umbreon,dark,,95,65,110,60,130,65,False,False,197,RU,"Synchronize, Inner Focus",Dark,True
198,murkrow,dark,flying,60,85,42,85,42,91,False,False,198,NFE,"Insomnia, Super Luck, Prankster","Dark, Flying",False
199,slowking,water,psychic,95,75,80,100,110,30,False,False,199,UU,"Oblivious, Own Tempo, Regenerator","Water, Psychic",True
200,misdreavus,ghost,,60,60,60,85,85,85,False,False,200,NFE,Levitate,Ghost,False
203,girafarig,normal,psychic,70,80,65,90,65,85,False,False,203,NFE,"Inner Focus, Early Bird, Sap Sipper","Normal, Psychic",False
204,pineco,bug,,50,65,90,35,35,15,False,False,204,LC,"Sturdy, Overcoat",Bug,False
205,forretress,bug,steel,75,90,140,60,60,40,False,False,205,RU,"Sturdy, Overcoat","Bug, Steel",True
206,dunsparce,normal,,100,70,70,65,65,45,False,False,206,NFE,"Serene Grace, Run Away, Rattled",Normal,False
207,gligar,ground,flying,65,75,105,35,65,85,False,False,207,NU,"Hyper Cutter, Sand Veil, Immunity","Ground, Flying",False
209,snubbull,fairy,,60,80,50,40,40,30,False,False,209,LC,"Intimidate, Run Away, Rattled",Fairy,False
210,granbull,fairy,,90,120,75,60,60,45,False,False,210,ZU,"Intimidate, Quick Feet, Rattled",Fairy,True
211,qwilfish,water,poison,65,95,85,55,55,85,False,False,211,PU,"Poison Point, Swift Swim, Intimidate","Water, Poison",True
212,scizor,bug,steel,70,130,100,55,80,65,False,False,212,UU,"Swarm, Technician, Light Metal","Bug, Steel",True
214,heracross,bug,fighting,80,125,75,40,95,85,False,False,214,PU,"Swarm, Guts, Moxie","Bug, Fighting",True
215,sneasel,dark,ice,55,95,55,35,75,115,False,False,215,NFE,"Inner Focus, Keen Eye, Pickpocket","Dark, Ice",False
216,teddiursa,normal,,60,80,50,50,50,40,False,False,216,LC,"Pickup, Quick Feet, Honey Gather",Normal,False
217,ursaring,normal,,90,130,75,75,75,55,False,False,217,NFE,"Guts, Quick Feet, Unnerve",Normal,False
218,slugma,fire,,40,40,40,70,40,20,False,False,218,LC,"Magma Armor, Flame Body, Weak Armor",Fire,False
219,magcargo,fire,rock,60,50,120,90,80,30,False,False,219,ZU,"Magma Armor, Flame Body, Weak Armor","Fire, Rock",True
220,swinub,ice,ground,50,50,40,30,30,50,False,False,220,LC,"Oblivious, Snow Cloak, Thick Fat","Ice, Ground",False
221,piloswine,ice,ground,100,100,80,60,60,50,False,False,221,NFE,"Oblivious, Snow Cloak, Thick Fat","Ice, Ground",False
225,delibird,ice,flying,45,55,45,65,45,75,False,False,225,ZU,"Vital Spirit, Hustle, Insomnia","Ice, Flying",True
227,skarmory,steel,flying,65,80,140,40,70,70,False,False,227,UU,"Keen Eye, Sturdy, Weak Armor","Steel, Flying",True
228,houndour,dark,fire,45,60,30,80,50,65,False,False,228,LC,"Early Bird, Flash Fire, Unnerve","Dark, Fire",False
229,houndoom,dark,fire,75,90,50,110,80,95,False,False,229,ZU,"Early Bird, Flash Fire, Unnerve","Dark, Fire",True
230,kingdra,water,dragon,75,95,95,95,95,85,False,False,230,ZUBL,"Swift Swim, Sniper, Damp","Water, Dragon",True
231,phanpy,ground,,90,60,60,40,40,40,False,False,231,LC,"Pickup, Sand Veil",Ground,False
232,donphan,ground,,90,120,120,60,60,50,False,False,232,UU,"Sturdy, Sand Veil",Ground,True
233,porygon2,normal,,85,80,90,105,95,60,False,False,233,PU,"Trace, Download, Analytic",Normal,False
234,stantler,normal,,73,95,62,85,65,85,False,False,234,NFE,"Intimidate, Frisk, Sap Sipper",Normal,False
235,smeargle,normal,,55,20,35,20,45,75,False,False,235,ZU,"Own Tempo, Technician, Moody",Normal,True
236,tyrogue,fighting,,35,35,35,35,35,35,False,False,236,LC,"Guts, Steadfast, Vital Spirit",Fighting,False
237,hitmontop,fighting,,50,95,95,35,110,70,False,False,237,ZU,"Intimidate, Technician, Steadfast",Fighting,True
239,elekid,electric,,45,63,37,65,55,95,False,False,239,LC,"Static, Vital Spirit",Electric,False
240,magby,fire,,45,75,37,70,55,83,False,False,240,NFE,"Flame Body, Vital Spirit",Fire,False
242,blissey,normal,,255,10,10,75,135,55,False,False,242,RU,"Natural Cure, Serene Grace, Healer",Normal,True
243,raikou,electric,,90,85,75,115,100,115,True,False,243,NU,"Pressure, Inner Focus",Electric,True
244,entei,fire,,115,115,85,90,75,100,True,False,244,RU,"Pressure, Inner Focus",Fire,True
245,suicune,water,,100,75,115,90,115,85,True,False,245,RU,"Pressure, Inner Focus",Water,True
246,larvitar,rock,ground,50,64,50,45,50,41,False,False,246,LC,"Guts, Sand Veil","Rock, Ground",False
247,pupitar,rock,ground,70,84,70,65,70,51,False,False,247,NFE,Shed Skin,"Rock, Ground",False
248,tyranitar,rock,dark,100,134,110,95,100,61,False,False,248,OU,"Sand Stream, Unnerve","Rock, Dark",True
249,lugia,psychic,flying,106,90,130,90,154,110,True,False,249,Uber,"Pressure, Multiscale","Psychic, Flying",True
250,ho-oh,fire,flying,106,130,90,110,154,90,True,False,250,Uber,"Pressure, Regenerator","Fire, Flying",True
252,treecko,grass,,40,45,35,65,55,70,False,False,252,LC,"Overgrow, Unburden",Grass,False
253,grovyle,grass,,50,65,45,85,65,95,False,False,253,NFE,"Overgrow, Unburden",Grass,False
254,sceptile,grass,,70,85,65,105,85,120,False,False,254,ZU,"Overgrow, Unburden",Grass,True
255,torchic,fire,,45,60,40,70,50,45,False,False,255,NFE,"Blaze, Speed Boost",Fire,False
256,combusken,fire,fighting,60,85,60,85,60,55,False,False,256,NFE,"Blaze, Speed Boost","Fire, Fighting",False
257,blaziken,fire,fighting,80,120,70,110,70,80,False,False,257,UUBL,"Blaze, Speed Boost","Fire, Fighting",True
258,mudkip,water,,50,70,50,50,50,40,False,False,258,LC,"Torrent, Damp",Water,False
259,marshtomp,water,ground,70,85,70,60,70,50,False,False,259,NFE,"Torrent, Damp","Water, Ground",False
260,swampert,water,ground,100,110,90,85,90,60,False,False,260,NU,"Torrent, Damp","Water, Ground",True
261,poochyena,dark,,35,55,35,30,30,35,False,False,261,LC,"Run Away, Quick Feet, Rattled",Dark,False
262,mightyena,dark,,70,90,70,60,60,70,False,False,262,ZU,"Intimidate, Quick Feet, Moxie",Dark,True
270,lotad,water,grass,40,30,30,40,50,30,False,False,270,LC,"Swift Swim, Rain Dish, Own Tempo","Water, Grass",False
271,lombre,water,grass,60,50,50,60,70,50,False,False,271,NFE,"Swift Swim, Rain Dish, Own Tempo","Water, Grass",False
272,ludicolo,water,grass,80,70,70,90,100,70,False,False,272,ZU,"Swift Swim, Rain Dish, Own Tempo","Water, Grass",True
273,seedot,grass,,40,40,50,30,30,30,False,False,273,LC,"Chlorophyll, Early Bird, Pickpocket",Grass,False
274,nuzleaf,grass,dark,70,70,40,60,40,60,False,False,274,NFE,"Chlorophyll, Early Bird, Pickpocket","Grass, Dark",False
275,shiftry,grass,dark,90,100,60,90,60,80,False,False,275,ZU,"Chlorophyll, Wind Rider, Pickpocket","Grass, Dark",True
278,wingull,water,flying,40,30,30,55,30,85,False,False,278,LC,"Keen Eye, Hydration, Rain Dish","Water, Flying",False
279,pelipper,water,flying,60,50,100,95,70,65,False,False,279,UUBL,"Keen Eye, Drizzle, Rain Dish","Water, Flying",True
280,ralts,psychic,fairy,28,25,25,45,35,40,False,False,280,LC,"Synchronize, Trace, Telepathy","Psychic, Fairy",False
281,kirlia,psychic,fairy,38,35,35,65,55,50,False,False,281,NFE,"Synchronize, Trace, Telepathy","Psychic, Fairy",False
282,gardevoir,psychic,fairy,68,65,65,125,115,80,False,False,282,RU,"Synchronize, Trace, Telepathy","Psychic, Fairy",True
283,surskit,bug,water,40,30,32,50,52,65,False,False,283,LC,"Swift Swim, Rain Dish","Bug, Water",False
284,masquerain,bug,flying,70,60,62,100,82,80,False,False,284,ZU,"Intimidate, Unnerve","Bug, Flying",True
285,shroomish,grass,,60,40,60,40,60,35,False,False,285,LC,"Effect Spore, Poison Heal, Quick Feet",Grass,False
286,breloom,grass,fighting,60,130,80,60,60,70,False,False,286,RU,"Effect Spore, Poison Heal, Technician","Grass, Fighting",True
287,slakoth,normal,,60,60,60,35,35,30,False,False,287,LC,Truant,Normal,False
288,vigoroth,normal,,80,80,80,55,55,90,False,False,288,NFE,Vital Spirit,Normal,False
289,slaking,normal,,150,160,100,95,65,100,False,False,289,ZU,Truant,Normal,True
296,makuhita,fighting,,72,60,30,20,30,25,False,False,296,LC,"Thick Fat, Guts, Sheer Force",Fighting,False
297,hariyama,fighting,,144,120,60,40,60,50,False,False,297,PU,"Thick Fat, Guts, Sheer Force",Fighting,True
298,azurill,normal,fairy,50,20,40,20,40,20,False,False,298,LC,"Thick Fat, Huge Power, Sap Sipper","Normal, Fairy",False
299,nosepass,rock,,30,45,135,45,90,30,False,False,299,LC,"Sturdy, Magnet Pull, Sand Force",Rock,False
302,sableye,dark,ghost,50,75,75,65,65,50,False,False,302,ZU,"Keen Eye, Stall, Prankster","Dark, Ghost",True
307,meditite,fighting,psychic,30,40,55,40,55,60,False,False,307,NFE,"Pure Power, Telepathy","Fighting, Psychic",False
308,medicham,fighting,psychic,60,60,75,60,75,80,False,False,308,ZU,"Pure Power, Telepathy","Fighting, Psychic",True
311,plusle,electric,,60,50,40,85,75,95,False,False,311,ZU,"Plus, Lightning Rod",Electric,True
312,minun,electric,,60,40,50,75,85,95,False,False,312,ZU,"Minus, Volt Absorb",Electric,True
313,volbeat,bug,,65,73,75,47,85,85,False,False,313,ZU,"Illuminate, Swarm, Prankster",Bug,True
314,illumise,bug,,65,47,75,73,85,85,False,False,314,ZU,"Oblivious, Tinted Lens, Prankster",Bug,True
316,gulpin,poison,,70,43,53,43,53,40,False,False,316,LC,"Liquid Ooze, Sticky Hold, Gluttony",Poison,False
317,swalot,poison,,100,73,83,73,83,55,False,False,317,ZU,"Liquid Ooze, Sticky Hold, Gluttony",Poison,True
322,numel,fire,ground,60,60,40,65,45,35,False,False,322,LC,"Oblivious, Simple, Own Tempo","Fire, Ground",False
323,camerupt,fire,ground,70,100,70,105,75,40,False,False,323,ZU,"Magma Armor, Solid Rock, Anger Point","Fire, Ground",True
324,torkoal,fire,,70,85,140,85,70,20,False,False,324,ZU,"White Smoke, Drought, Shell Armor",Fire,True
325,spoink,psychic,,60,25,35,70,80,60,False,False,325,LC,"Thick Fat, Own Tempo, Gluttony",Psychic,False
326,grumpig,psychic,,80,45,65,90,110,80,False,False,326,ZU,"Thick Fat, Own Tempo, Gluttony",Psychic,True
328,trapinch,ground,,45,100,45,45,45,10,False,False,328,LC,"Hyper Cutter, Arena Trap, Sheer Force",Ground,False
329,vibrava,ground,dragon,50,70,50,50,50,70,False,False,329,NFE,Levitate,"Ground, Dragon",False
330,flygon,ground,dragon,80,100,80,80,80,100,False,False,330,NU,Levitate,"Ground, Dragon",True
331,cacnea,grass,,50,85,40,85,40,35,False,False,331,LC,"Sand Veil, Water Absorb",Grass,False
332,cacturne,grass,dark,70,115,60,115,60,55,False,False,332,ZU,"Sand Veil, Water Absorb","Grass, Dark",True
333,swablu,normal,flying,45,40,60,40,75,50,False,False,333,LC,"Natural Cure, Cloud Nine","Normal, Flying",False
334,altaria,dragon,flying,75,70,90,70,105,80,False,False,334,NU,"Natural Cure, Cloud Nine","Dragon, Flying",True
335,zangoose,normal,,73,115,60,60,60,90,False,False,335,ZU,"Immunity, Toxic Boost",Normal,True
336,seviper,poison,,73,100,60,100,60,65,False,False,336,ZU,"Shed Skin, Infiltrator",Poison,True
339,barboach,water,ground,50,48,43,46,41,60,False,False,339,LC,"Oblivious, Anticipation, Hydration","Water, Ground",False
340,whiscash,water,ground,110,78,73,76,71,60,False,False,340,ZU,"Oblivious, Anticipation, Hydration","Water, Ground",True
341,corphish,water,,43,80,65,50,35,35,False,False,341,LC,"Hyper Cutter, Shell Armor, Adaptability",Water,False
342,crawdaunt,water,dark,63,120,85,90,55,55,False,False,342,RU,"Hyper Cutter, Shell Armor, Adaptability","Water, Dark",True
349,feebas,water,,20,15,20,10,55,80,False,False,349,LC,"Swift Swim, Oblivious, Adaptability",Water,False
350,milotic,water,,95,60,79,100,125,81,False,False,350,PU,"Marvel Scale, Competitive, Cute Charm",Water,True
353,shuppet,ghost,,44,75,35,63,33,45,False,False,353,LC,"Insomnia, Frisk, Cursed Body",Ghost,False
354,banette,ghost,,64,115,65,83,63,65,False,False,354,ZU,"Insomnia, Frisk, Cursed Body",Ghost,True
355,duskull,ghost,,20,40,90,30,90,25,False,False,355,LC,"Levitate, Frisk",Ghost,False
356,dusclops,ghost,,40,70,130,60,130,25,False,False,356,NFE,"Pressure, Frisk",Ghost,False
357,tropius,grass,flying,99,68,83,72,87,51,False,False,357,ZU,"Chlorophyll, Solar Power, Harvest","Grass, Flying",True
358,chimecho,psychic,,75,50,80,95,90,65,False,False,358,ZU,Levitate,Psychic,True
361,snorunt,ice,,50,50,50,50,50,50,False,False,361,LC,"Inner Focus, Ice Body, Moody",Ice,False
362,glalie,ice,,80,80,80,80,80,80,False,False,362,ZU,"Inner Focus, Ice Body, Moody",Ice,True
370,luvdisc,water,,43,30,55,40,65,97,False,False,370,ZU,"Swift Swim, Hydration",Water,True
371,bagon,dragon,,45,75,60,40,30,50,False,False,371,LC,"Rock Head, Sheer Force",Dragon,False
372,shelgon,dragon,,65,95,100,60,50,50,False,False,372,NFE,"Rock Head, Overcoat",Dragon,False
373,salamence,dragon,flying,95,135,80,110,80,100,False,False,373,RUBL,"Intimidate, Moxie","Dragon, Flying",True
374,beldum,steel,psychic,40,55,80,35,60,30,False,False,374,LC,"Clear Body, Light Metal","Steel, Psychic",False
375,metang,steel,psychic,60,75,100,55,80,50,False,False,375,NFE,"Clear Body, Light Metal","Steel, Psychic",False
376,metagross,steel,psychic,80,135,130,95,90,70,False,False,376,UU,"Clear Body, Light Metal","Steel, Psychic",True
377,regirock,rock,,80,100,200,50,100,50,True,False,377,ZU,"Clear Body, Sturdy",Rock,True
378,regice,ice,,80,50,100,100,200,50,True,False,378,ZU,"Clear Body, Ice Body",Ice,True
379,registeel,steel,,80,75,150,75,150,50,True,False,379,RU,"Clear Body, Light Metal",Steel,True
380,latias,dragon,psychic,80,80,90,110,130,110,True,False,380,UUBL,Levitate,"Dragon, Psychic",True
381,latios,dragon,psychic,80,90,80,130,110,110,True,False,381,UU,Levitate,"Dragon, Psychic",True
382,kyogre,water,,100,100,90,150,140,90,True,False,382,Uber,Drizzle,Water,True
383,groudon,ground,,100,150,140,100,90,90,True,False,383,Uber,Drought,Ground,True
384,rayquaza,dragon,flying,105,150,90,150,90,95,True,False,384,Uber,Air Lock,"Dragon, Flying",True
385,jirachi,steel,psychic,100,100,100,100,100,100,False,True,385,RU,Serene Grace,"Steel, Psychic",True
386,deoxys-normal,psychic,,50,150,50,150,50,150,False,True,386,Uber,Pressure,Psychic,True
387,turtwig,grass,,55,68,64,45,55,31,False,False,387,LC,"Overgrow, Shell Armor",Grass,False
388,grotle,grass,,75,89,85,55,65,36,False,False,388,NFE,"Overgrow, Shell Armor",Grass,False
389,torterra,grass,ground,95,109,105,75,85,56,False,False,389,RU,"Overgrow, Shell Armor","Grass, Ground",True
390,chimchar,fire,,44,58,44,58,44,61,False,False,390,LC,"Blaze, Iron Fist",Fire,False
391,monferno,fire,fighting,64,78,52,78,52,81,False,False,391,NFE,"Blaze, Iron Fist","Fire, Fighting",False
392,infernape,fire,fighting,76,104,71,104,71,108,False,False,392,NU,"Blaze, Iron Fist","Fire, Fighting",True
393,piplup,water,,53,51,53,61,56,40,False,False,393,LC,"Torrent, Competitive",Water,False
394,prinplup,water,,64,66,68,81,76,50,False,False,394,NFE,"Torrent, Competitive",Water,False
395,empoleon,water,steel,84,86,88,111,101,60,False,False,395,RU,"Torrent, Competitive","Water, Steel",True
396,starly,normal,flying,40,55,30,30,30,60,False,False,396,LC,"Keen Eye, Reckless","Normal, Flying",False
397,staravia,normal,flying,55,75,50,40,40,80,False,False,397,NFE,"Intimidate, Reckless","Normal, Flying",False
398,staraptor,normal,flying,85,120,70,50,60,100,False,False,398,NU,"Intimidate, Reckless","Normal, Flying",True
401,kricketot,bug,,37,25,41,25,41,25,False,False,401,LC,"Shed Skin, Run Away",Bug,False
402,kricketune,bug,,77,85,51,55,51,65,False,False,402,ZU,"Swarm, Technician",Bug,True
403,shinx,electric,,45,65,34,40,34,45,False,False,403,LC,"Rivalry, Intimidate, Guts",Electric,False
404,luxio,electric,,60,85,49,60,49,60,False,False,404,NFE,"Rivalry, Intimidate, Guts",Electric,False
405,luxray,electric,,80,120,79,95,79,70,False,False,405,ZU,"Rivalry, Intimidate, Guts",Electric,True
408,cranidos,rock,,67,125,40,30,30,58,False,False,408,LC,"Mold Breaker, Sheer Force",Rock,False
409,rampardos,rock,,97,165,60,65,50,58,False,False,409,ZU,"Mold Breaker, Sheer Force",Rock,True
410,shieldon,rock,steel,30,42,118,42,88,30,False,False,410,LC,"Sturdy, Soundproof","Rock, Steel",False
411,bastiodon,rock,steel,60,52,168,47,138,30,False,False,411,ZU,"Sturdy, Soundproof","Rock, Steel",True
415,combee,bug,flying,30,30,42,30,42,70,False,False,415,LC,"Honey Gather, Hustle","Bug, Flying",False
416,vespiquen,bug,flying,70,80,102,80,102,40,False,False,416,ZU,"Pressure, Unnerve","Bug, Flying",True
417,pachirisu,electric,,60,45,70,45,90,95,False,False,417,ZU,"Run Away, Pickup, Volt Absorb",Electric,True
418,buizel,water,,55,65,35,60,30,85,False,False,418,LC,"Swift Swim, Water Veil",Water,False
419,floatzel,water,,85,105,55,85,50,115,False,False,419,PU,"Swift Swim, Water Veil",Water,True
422,shellos,water,,76,48,48,57,62,34,False,False,422,LC,"Sticky Hold, Storm Drain, Sand Force",Water,False
423,gastrodon,water,ground,111,83,68,92,82,39,False,False,423,RU,"Sticky Hold, Storm Drain, Sand Force","Water, Ground",True
424,ambipom,normal,,75,100,66,60,66,115,False,False,424,PU,"Technician, Pickup, Skill Link",Normal,True
425,drifloon,ghost,flying,90,50,34,60,44,70,False,False,425,LC,"Aftermath, Unburden, Flare Boost","Ghost, Flying",False
426,drifblim,ghost,flying,150,80,44,90,54,80,False,False,426,ZU,"Aftermath, Unburden, Flare Boost","Ghost, Flying",True
429,mismagius,ghost,,60,60,60,105,105,105,False,False,429,PU,Levitate,Ghost,True
430,honchkrow,dark,flying,100,125,52,105,52,71,False,False,430,ZU,"Insomnia, Super Luck, Moxie","Dark, Flying",True
433,chingling,psychic,,45,30,50,65,50,45,False,False,433,LC,Levitate,Psychic,False
434,stunky,poison,dark,63,63,47,41,41,74,False,False,434,LC,"Stench, Aftermath, Keen Eye","Poison, Dark",False
435,skuntank,poison,dark,103,93,67,71,61,84,False,False,435,ZU,"Stench, Aftermath, Keen Eye","Poison, Dark",True
436,bronzor,steel,psychic,57,24,86,24,86,23,False,False,436,LC,"Levitate, Heatproof, Heavy Metal","Steel, Psychic",False
437,bronzong,steel,psychic,67,89,116,79,116,33,False,False,437,NU,"Levitate, Heatproof, Heavy Metal","Steel, Psychic",True
438,bonsly,rock,,50,80,95,10,45,10,False,False,438,LC,"Sturdy, Rock Head, Rattled",Rock,False
440,happiny,normal,,100,5,5,15,65,30,False,False,440,LC,"Natural Cure, Serene Grace, Friend Guard",Normal,False
442,spiritomb,ghost,dark,50,92,108,92,108,35,False,False,442,ZU,"Pressure, Infiltrator","Ghost, Dark",True
443,gible,dragon,ground,58,70,45,40,45,42,False,False,443,LC,"Sand Veil, Rough Skin","Dragon, Ground",False
444,gabite,dragon,ground,68,90,65,50,55,82,False,False,444,NFE,"Sand Veil, Rough Skin","Dragon, Ground",False
445,garchomp,dragon,ground,108,130,95,80,85,102,False,False,445,UUBL,"Sand Veil, Rough Skin","Dragon, Ground",True
446,munchlax,normal,,135,85,40,40,85,5,False,False,446,LC,"Pickup, Thick Fat, Gluttony",Normal,False
447,riolu,fighting,,40,70,40,35,40,60,False,False,447,LC,"Steadfast, Inner Focus, Prankster",Fighting,False
448,lucario,fighting,steel,70,110,70,115,70,90,False,False,448,NUBL,"Steadfast, Inner Focus, Justified","Fighting, Steel",True
449,hippopotas,ground,,68,72,78,38,42,32,False,False,449,LC,"Sand Stream, Sand Force",Ground,False
450,hippowdon,ground,,108,112,118,68,72,47,False,False,450,UU,"Sand Stream, Sand Force",Ground,True
453,croagunk,poison,fighting,48,61,40,61,40,50,False,False,453,LC,"Anticipation, Dry Skin, Poison Touch","Poison, Fighting",False
454,toxicroak,poison,fighting,83,106,65,86,65,85,False,False,454,ZU,"Anticipation, Dry Skin, Poison Touch","Poison, Fighting",True
456,finneon,water,,49,49,56,49,61,66,False,False,456,LC,"Swift Swim, Storm Drain, Water Veil",Water,False
457,lumineon,water,,69,69,76,69,86,91,False,False,457,ZU,"Swift Swim, Storm Drain, Water Veil",Water,True
459,snover,grass,ice,60,62,50,62,60,40,False,False,459,LC,"Snow Warning, Soundproof","Grass, Ice",False
460,abomasnow,grass,ice,90,92,75,92,85,60,False,False,460,ZU,"Snow Warning, Soundproof","Grass, Ice",True
461,weavile,dark,ice,70,120,65,45,85,125,False,False,461,UU,"Pressure, Pickpocket","Dark, Ice",True
462,magnezone,electric,steel,70,70,115,130,90,60,False,False,462,RU,"Magnet Pull, Sturdy, Analytic","Electric, Steel",True
464,rhyperior,ground,rock,115,140,130,55,55,40,False,False,464,NU,"Lightning Rod, Solid Rock, Reckless","Ground, Rock",True
466,electivire,electric,,75,123,67,95,85,95,False,False,466,ZU,"Motor Drive, Vital Spirit",Electric,True
467,magmortar,fire,,75,95,67,125,95,83,False,False,467,ZU,"Flame Body, Vital Spirit",Fire,True
469,yanmega,bug,flying,86,76,86,116,56,95,False,False,469,RUBL,"Speed Boost, Tinted Lens, Frisk","Bug, Flying",True
470,leafeon,grass,,65,110,130,60,65,95,False,False,470,ZU,"Leaf Guard, Chlorophyll",Grass,True
471,glaceon,ice,,65,60,110,130,95,65,False,False,471,ZU,"Snow Cloak, Ice Body",Ice,True
472,gliscor,ground,flying,75,95,125,45,75,95,False,False,472,OU,"Hyper Cutter, Sand Veil, Poison Heal","Ground, Flying",True
473,mamoswine,ice,ground,110,130,80,70,60,80,False,False,473,UU,"Oblivious, Snow Cloak, Thick Fat","Ice, Ground",True
474,porygon-z,normal,,85,80,70,135,75,90,False,False,474,RU,"Adaptability, Download, Analytic",Normal,True
475,gallade,psychic,fighting,68,125,65,65,115,80,False,False,475,RU,"Steadfast, Sharpness, Justified","Psychic, Fighting",True
476,probopass,rock,steel,60,55,145,75,150,40,False,False,476,ZU,"Sturdy, Magnet Pull, Sand Force","Rock, Steel",True
477,dusknoir,ghost,,45,100,135,65,135,45,False,False,477,ZU,"Pressure, Frisk",Ghost,True
478,froslass,ice,ghost,70,80,70,80,70,110,False,False,478,ZU,"Snow Cloak, Cursed Body","Ice, Ghost",True
479,rotom,electric,ghost,50,50,77,95,77,91,False,False,479,ZU,Levitate,"Electric, Ghost",True
480,uxie,psychic,,75,75,130,75,130,95,True,False,480,NU,Levitate,Psychic,True
481,mesprit,psychic,,80,105,105,105,105,80,True,False,481,ZU,Levitate,Psychic,True
482,azelf,psychic,,75,125,70,125,70,115,True,False,482,NUBL,Levitate,Psychic,True
483,dialga,steel,dragon,100,120,120,150,100,90,True,False,483,Uber,"Pressure, Telepathy","Steel, Dragon",True
484,palkia,water,dragon,90,120,100,150,120,100,True,False,484,Uber,"Pressure, Telepathy","Water, Dragon",True
485,heatran,fire,steel,91,90,106,130,106,77,True,False,485,OU,"Flash Fire, Flame Body","Fire, Steel",True
486,regigigas,normal,,110,160,110,80,110,100,True,False,486,ZU,Slow Start,Normal,True
487,giratina-altered,ghost,dragon,150,100,120,100,120,90,True,False,487,Uber,"Pressure, Telepathy","Ghost, Dragon",True
488,cresselia,psychic,,120,70,110,75,120,85,True,False,488,NUBL,Levitate,Psychic,True
489,phione,water,,80,80,80,80,80,80,False,True,489,ZU,Hydration,Water,True
490,manaphy,water,,100,100,100,100,100,100,False,True,490,UU,Hydration,Water,True
491,darkrai,dark,,70,90,90,135,90,125,False,True,491,OU,Bad Dreams,Dark,True
492,shaymin-land,grass,,100,100,100,100,100,100,False,True,492,PU,Natural Cure,Grass,True
493,arceus,normal,,120,120,120,120,120,120,False,True,493,Uber,Multitype,Normal,True
495,snivy,grass,,45,45,55,45,55,63,False,False,495,NFE,"Overgrow, Contrary",Grass,False
496,servine,grass,,60,60,75,60,75,83,False,False,496,NFE,"Overgrow, Contrary",Grass,False
497,serperior,grass,,75,75,95,75,95,113,False,False,497,RUBL,"Overgrow, Contrary",Grass,True
498,tepig,fire,,65,63,45,45,45,45,False,False,498,LC,"Blaze, Thick Fat",Fire,False
499,pignite,fire,fighting,90,93,55,70,55,55,False,False,499,NFE,"Blaze, Thick Fat","Fire, Fighting",False
500,emboar,fire,fighting,110,123,65,100,65,65,False,False,500,ZUBL,"Blaze, Reckless","Fire, Fighting",True
501,oshawott,water,,55,55,45,63,45,45,False,False,501,LC,"Torrent, Shell Armor",Water,False
502,dewott,water,,75,75,60,83,60,60,False,False,502,NFE,"Torrent, Shell Armor",Water,False
503,samurott,water,,95,100,85,108,70,70,False,False,503,ZU,"Torrent, Shell Armor",Water,True
522,blitzle,electric,,45,60,32,50,32,76,False,False,522,LC,"Lightning Rod, Motor Drive, Sap Sipper",Electric,False
523,zebstrika,electric,,75,100,63,80,63,116,False,False,523,ZU,"Lightning Rod, Motor Drive, Sap Sipper",Electric,True
529,drilbur,ground,,60,85,40,30,45,68,False,False,529,LC,"Sand Rush, Sand Force, Mold Breaker",Ground,False
530,excadrill,ground,steel,110,135,60,50,65,88,False,False,530,UU,"Sand Rush, Sand Force, Mold Breaker","Ground, Steel",True
532,timburr,fighting,,75,80,55,25,35,35,False,False,532,LC,"Guts, Sheer Force, Iron Fist",Fighting,False
533,gurdurr,fighting,,85,105,85,40,50,40,False,False,533,NFE,"Guts, Sheer Force, Iron Fist",Fighting,False
534,conkeldurr,fighting,,105,140,95,55,65,45,False,False,534,UU,"Guts, Sheer Force, Iron Fist",Fighting,True
540,sewaddle,bug,grass,45,53,70,40,60,42,False,False,540,LC,"Swarm, Chlorophyll, Overcoat","Bug, Grass",False
541,swadloon,bug,grass,55,63,90,50,80,42,False,False,541,NFE,"Leaf Guard, Chlorophyll, Overcoat","Bug, Grass",False
542,leavanny,bug,grass,75,103,80,70,80,92,False,False,542,ZU,"Swarm, Chlorophyll, Overcoat","Bug, Grass",True
546,cottonee,grass,fairy,40,27,60,37,50,66,False,False,546,LC,"Prankster, Infiltrator, Chlorophyll","Grass, Fairy",False
547,whimsicott,grass,fairy,60,67,85,77,75,116,False,False,547,ZU,"Prankster, Infiltrator, Chlorophyll","Grass, Fairy",True
548,petilil,grass,,45,35,50,70,50,30,False,False,548,LC,"Chlorophyll, Own Tempo, Leaf Guard",Grass,False
549,lilligant,grass,,70,60,75,110,75,90,False,False,549,ZU,"Chlorophyll, Own Tempo, Leaf Guard",Grass,True
550,basculin-red-striped,water,,70,92,65,80,55,98,False,False,550,ZU,"Reckless, Adaptability, Mold Breaker",Water,True
551,sandile,ground,dark,50,72,35,35,35,65,False,False,551,LC,"Intimidate, Moxie, Anger Point","Ground, Dark",False
552,krokorok,ground,dark,60,82,45,45,45,74,False,False,552,NFE,"Intimidate, Moxie, Anger Point","Ground, Dark",False
553,krookodile,ground,dark,95,117,80,65,70,92,False,False,553,RU,"Intimidate, Moxie, Anger Point","Ground, Dark",True
559,scraggy,dark,fighting,50,75,70,35,70,48,False,False,559,NFE,"Shed Skin, Moxie, Intimidate","Dark, Fighting",False
560,scrafty,dark,fighting,65,90,115,45,115,58,False,False,560,PU,"Shed Skin, Moxie, Intimidate","Dark, Fighting",True
570,zorua,dark,,40,65,40,80,40,65,False,False,570,LC,Illusion,Dark,False
571,zoroark,dark,,60,105,60,120,60,105,False,False,571,PU,Illusion,Dark,True
572,minccino,normal,,55,50,40,40,40,75,False,False,572,LC,"Cute Charm, Technician, Skill Link",Normal,False
573,cinccino,normal,,75,95,60,65,60,115,False,False,573,NU,"Cute Charm, Technician, Skill Link",Normal,True
574,gothita,psychic,,45,30,50,55,65,45,False,False,574,LC,"Frisk, Competitive, Shadow Tag",Psychic,False
575,gothorita,psychic,,60,45,70,75,85,55,False,False,575,NFE,"Frisk, Competitive, Shadow Tag",Psychic,False
576,gothitelle,psychic,,70,55,95,95,110,65,False,False,576,ZU,"Frisk, Competitive, Shadow Tag",Psychic,True
577,solosis,psychic,,45,30,40,105,50,20,False,False,577,LC,"Overcoat, Magic Guard, Regenerator",Psychic,False
578,duosion,psychic,,65,40,50,125,60,30,False,False,578,NFE,"Overcoat, Magic Guard, Regenerator",Psychic,False
579,reuniclus,psychic,,110,65,75,125,85,30,False,False,579,NU,"Overcoat, Magic Guard, Regenerator",Psychic,True
580,ducklett,water,flying,62,44,50,44,50,55,False,False,580,LC,"Keen Eye, Big Pecks, Hydration","Water, Flying",False
581,swanna,water,flying,75,87,63,87,63,98,False,False,581,ZU,"Keen Eye, Big Pecks, Hydration","Water, Flying",True
585,deerling,normal,grass,60,60,50,40,50,75,False,False,585,LC,"Chlorophyll, Sap Sipper, Serene Grace","Normal, Grass",False
586,sawsbuck,normal,grass,80,100,70,60,70,95,False,False,586,ZU,"Chlorophyll, Sap Sipper, Serene Grace","Normal, Grass",True
590,foongus,grass,poison,69,55,45,55,55,15,False,False,590,LC,"Effect Spore, Regenerator","Grass, Poison",False
591,amoonguss,grass,poison,114,85,70,85,80,30,False,False,591,PU,"Effect Spore, Regenerator","Grass, Poison",True
594,alomomola,water,,165,75,80,40,45,65,False,False,594,OU,"Healer, Hydration, Regenerator",Water,True
595,joltik,bug,electric,50,47,50,57,50,65,False,False,595,LC,"Compound Eyes, Unnerve, Swarm","Bug, Electric",False
596,galvantula,bug,electric,70,77,60,97,60,108,False,False,596,PU,"Compound Eyes, Unnerve, Swarm","Bug, Electric",True
602,tynamo,electric,,35,55,40,45,40,60,False,False,602,LC,Levitate,Electric,False
603,eelektrik,electric,,65,85,70,75,70,40,False,False,603,NFE,Levitate,Electric,False
604,eelektross,electric,,85,115,80,105,80,50,False,False,604,ZU,Levitate,Electric,True
607,litwick,ghost,fire,50,30,55,65,55,20,False,False,607,LC,"Flash Fire, Flame Body, Infiltrator","Ghost, Fire",False
608,lampent,ghost,fire,60,40,60,95,60,55,False,False,608,NFE,"Flash Fire, Flame Body, Infiltrator","Ghost, Fire",False
609,chandelure,ghost,fire,60,55,90,145,90,80,False,False,609,NU,"Flash Fire, Flame Body, Infiltrator","Ghost, Fire",True
610,axew,dragon,,46,87,60,30,40,57,False,False,610,LC,"Rivalry, Mold Breaker, Unnerve",Dragon,False
611,fraxure,dragon,,66,117,70,40,50,67,False,False,611,NFE,"Rivalry, Mold Breaker, Unnerve",Dragon,False
612,haxorus,dragon,,76,147,90,60,70,97,False,False,612,RUBL,"Rivalry, Mold Breaker, Unnerve",Dragon,True
613,cubchoo,ice,,55,70,40,60,40,40,False,False,613,LC,"Snow Cloak, Slush Rush, Rattled",Ice,False
614,beartic,ice,,95,130,80,70,80,50,False,False,614,ZU,"Snow Cloak, Slush Rush, Swift Swim",Ice,True
615,cryogonal,ice,,80,50,50,95,135,105,False,False,615,ZU,Levitate,Ice,True
619,mienfoo,fighting,,45,85,50,55,50,65,False,False,619,LC,"Inner Focus, Regenerator, Reckless",Fighting,False
620,mienshao,fighting,,65,125,60,95,60,105,False,False,620,RU,"Inner Focus, Regenerator, Reckless",Fighting,True
622,golett,ground,ghost,59,74,50,35,50,35,False,False,622,LC,"Iron Fist, Klutz, No Guard","Ground, Ghost",False
623,golurk,ground,ghost,89,124,80,55,80,55,False,False,623,PU,"Iron Fist, Klutz, No Guard","Ground, Ghost",True
624,pawniard,dark,steel,45,85,70,40,40,60,False,False,624,LC,"Defiant, Inner Focus, Pressure","Dark, Steel",False
625,bisharp,dark,steel,65,125,100,60,70,70,False,False,625,RU,"Defiant, Inner Focus, Pressure","Dark, Steel",False
627,rufflet,normal,flying,70,83,50,37,50,60,False,False,627,NFE,"Keen Eye, Sheer Force, Hustle","Normal, Flying",False
628,braviary,normal,flying,100,123,75,57,75,80,False,False,628,NU,"Keen Eye, Sheer Force, Defiant","Normal, Flying",True
629,vullaby,dark,flying,70,55,75,45,65,60,False,False,629,LC,"Big Pecks, Overcoat, Weak Armor","Dark, Flying",False
630,mandibuzz,dark,flying,110,65,105,55,95,80,False,False,630,UU,"Big Pecks, Overcoat, Weak Armor","Dark, Flying",True
633,deino,dark,dragon,52,65,50,45,50,38,False,False,633,LC,Hustle,"Dark, Dragon",False
634,zweilous,dark,dragon,72,85,70,65,70,58,False,False,634,NFE,Hustle,"Dark, Dragon",False
635,hydreigon,dark,dragon,92,105,90,125,90,98,False,False,635,UU,Levitate,"Dark, Dragon",True
636,larvesta,bug,fire,55,85,55,50,55,60,False,False,636,LC,"Flame Body, Swarm","Bug, Fire",False
637,volcarona,bug,fire,85,60,65,135,105,100,False,False,637,Uber,"Flame Body, Swarm","Bug, Fire",True
638,cobalion,steel,fighting,91,90,129,90,72,108,True,False,638,UU,Justified,"Steel, Fighting",True
639,terrakion,rock,fighting,91,129,90,72,90,108,True,False,639,RU,Justified,"Rock, Fighting",True
640,virizion,grass,fighting,91,90,72,90,129,108,True,False,640,ZU,Justified,"Grass, Fighting",True
641,tornadus-incarnate,flying,,79,115,70,125,80,111,True,False,641,NU,"Prankster, Defiant",Flying,True
642,thundurus-incarnate,electric,flying,79,115,70,125,80,111,True,False,642,RUBL,"Prankster, Defiant","Electric, Flying",True
643,reshiram,dragon,fire,100,120,100,150,120,90,True,False,643,Uber,Turboblaze,"Dragon, Fire",True
644,zekrom,dragon,electric,100,150,120,120,100,90,True,False,644,Uber,Teravolt,"Dragon, Electric",True
645,landorus-incarnate,ground,flying,89,125,90,115,80,101,True,False,645,Uber,"Sand Force, Sheer Force","Ground, Flying",True
646,kyurem,dragon,ice,125,130,90,130,90,95,True,False,646,OU,Pressure,"Dragon, Ice",True
647,keldeo-ordinary,water,fighting,91,72,90,129,90,108,False,True,647,UU,Justified,"Water, Fighting",True
648,meloetta-aria,normal,psychic,100,77,77,128,128,90,False,True,648,NU,Serene Grace,"Normal, Psychic",True
650,chespin,grass,,56,61,65,48,45,38,False,False,650,LC,"Overgrow, Bulletproof",Grass,False
651,quilladin,grass,,61,78,95,56,58,57,False,False,651,NFE,"Overgrow, Bulletproof",Grass,False
652,chesnaught,grass,fighting,88,107,122,74,75,64,False,False,652,RU,"Overgrow, Bulletproof","Grass, Fighting",True
653,fennekin,fire,,40,45,40,62,60,60,False,False,653,LC,"Blaze, Magician",Fire,False
654,braixen,fire,,59,59,58,90,70,73,False,False,654,NFE,"Blaze, Magician",Fire,False
655,delphox,fire,psychic,75,69,72,114,100,104,False,False,655,PU,"Blaze, Magician","Fire, Psychic",True
656,froakie,water,,41,56,40,62,44,71,False,False,656,LC,"Torrent, Protean",Water,False
657,frogadier,water,,54,63,52,83,56,97,False,False,657,NFE,"Torrent, Protean",Water,False
658,greninja,water,dark,72,95,67,103,71,122,False,False,658,UU,"Torrent, Protean, Battle Bond","Water, Dark",True
661,fletchling,normal,flying,45,50,43,40,38,62,False,False,661,LC,"Big Pecks, Gale Wings","Normal, Flying",False
662,fletchinder,fire,flying,62,73,55,56,52,84,False,False,662,NFE,"Flame Body, Gale Wings","Fire, Flying",False
663,talonflame,fire,flying,78,81,71,74,69,126,False,False,663,UU,"Flame Body, Gale Wings","Fire, Flying",True
664,scatterbug,bug,,38,35,40,27,25,35,False,False,664,LC,"Shield Dust, Compound Eyes, Friend Guard",Bug,False
665,spewpa,bug,,45,22,60,27,30,29,False,False,665,NFE,"Shed Skin, Friend Guard",Bug,False
666,vivillon,bug,flying,80,52,50,90,50,89,False,False,666,ZU,"Shield Dust, Compound Eyes, Friend Guard","Bug, Flying",True
667,litleo,fire,normal,62,50,58,73,54,72,False,False,667,LC,"Rivalry, Unnerve, Moxie","Fire, Normal",False
668,pyroar-male,fire,normal,86,68,72,109,66,106,False,False,668,ZU,"Rivalry, Unnerve, Moxie","Fire, Normal",True
669,flabebe,fairy,,44,38,39,61,79,42,False,False,669,LC,"Flower Veil, Symbiosis",Fairy,False
670,floette,fairy,,54,45,47,75,98,52,False,False,670,NFE,"Flower Veil, Symbiosis",Fairy,False
671,florges,fairy,,78,65,68,112,154,75,False,False,671,PU,"Flower Veil, Symbiosis",Fairy,True
672,skiddo,grass,,66,65,48,62,57,52,False,False,672,LC,"Sap Sipper, Grass Pelt",Grass,False
673,gogoat,grass,,123,100,62,97,81,68,False,False,673,ZU,"Sap Sipper, Grass Pelt",Grass,True
677,espurr,psychic,,62,48,54,63,60,68,False,False,677,LC,"Keen Eye, Infiltrator, Own Tempo",Psychic,False
678,meowstic-male,psychic,,74,48,76,83,81,104,False,False,678,ZU,"Keen Eye, Infiltrator, Prankster",Psychic,True
686,inkay,dark,psychic,53,54,53,37,46,45,False,False,686,LC,"Contrary, Suction Cups, Infiltrator","Dark, Psychic",False
687,malamar,dark,psychic,86,92,88,68,75,73,False,False,687,ZU,"Contrary, Suction Cups, Infiltrator","Dark, Psychic",True
690,skrelp,poison,water,50,60,60,60,60,30,False,False,690,LC,"Poison Point, Poison Touch, Adaptability","Poison, Water",False
691,dragalge,poison,dragon,65,75,90,97,123,44,False,False,691,PUBL,"Poison Point, Poison Touch, Adaptability","Poison, Dragon",True
692,clauncher,water,,50,53,62,58,63,44,False,False,692,LC,Mega Launcher,Water,False
693,clawitzer,water,,71,73,88,120,89,59,False,False,693,ZU,Mega Launcher,Water,True
700,sylveon,fairy,,95,65,65,110,130,60,False,False,700,NU,"Cute Charm, Pixilate",Fairy,True
701,hawlucha,fighting,flying,78,92,75,74,63,118,False,False,701,RUBL,"Limber, Unburden, Mold Breaker","Fighting, Flying",True
702,dedenne,electric,fairy,67,58,57,81,67,101,False,False,702,ZU,"Cheek Pouch, Pickup, Plus","Electric, Fairy",True
703,carbink,rock,fairy,50,50,150,50,150,50,False,False,703,ZU,"Clear Body, Sturdy","Rock, Fairy",True
704,goomy,dragon,,45,50,35,55,75,40,False,False,704,LC,"Sap Sipper, Hydration, Gooey",Dragon,False
705,sliggoo,dragon,,68,75,53,83,113,60,False,False,705,NFE,"Sap Sipper, Hydration, Gooey",Dragon,False
706,goodra,dragon,,90,100,70,110,150,80,False,False,706,NU,"Sap Sipper, Hydration, Gooey",Dragon,True
707,klefki,steel,fairy,57,80,91,80,87,75,False,False,707,NU,"Prankster, Magician","Steel, Fairy",True
708,phantump,ghost,grass,43,70,48,50,60,38,False,False,708,LC,"Natural Cure, Frisk, Harvest","Ghost, Grass",False
709,trevenant,ghost,grass,85,110,76,65,82,56,False,False,709,ZU,"Natural Cure, Frisk, Harvest","Ghost, Grass",True
712,bergmite,ice,,55,69,85,32,35,28,False,False,712,LC,"Own Tempo, Ice Body, Sturdy",Ice,False
713,avalugg,ice,,95,117,184,44,46,28,False,False,713,NU,"Own Tempo, Ice Body, Sturdy",Ice,True
714,noibat,flying,dragon,40,30,35,45,40,55,False,False,714,LC,"Frisk, Infiltrator, Telepathy","Flying, Dragon",False
715,noivern,flying,dragon,85,70,80,97,80,123,False,False,715,RU,"Frisk, Infiltrator, Telepathy","Flying, Dragon",True
719,diancie,rock,fairy,50,100,150,100,150,50,False,True,719,RU,Clear Body,"Rock, Fairy",True
720,hoopa,psychic,ghost,80,110,60,150,130,70,False,True,720,PU,Magician,"Psychic, Ghost",True
721,volcanion,fire,water,80,110,120,130,90,70,False,True,721,RUBL,Water Absorb,"Fire, Water",True
722,rowlet,grass,flying,68,55,55,50,50,42,False,False,722,LC,"Overgrow, Long Reach","Grass, Flying",False
723,dartrix,grass,flying,78,75,75,70,70,52,False,False,723,NFE,"Overgrow, Long Reach","Grass, Flying",False
724,decidueye,grass,ghost,78,107,75,100,100,70,False,False,724,NU,"Overgrow, Long Reach","Grass, Ghost",True
725,litten,fire,,45,65,40,60,40,70,False,False,725,LC,"Blaze, Intimidate",Fire,False
726,torracat,fire,,65,85,50,80,50,90,False,False,726,NFE,"Blaze, Intimidate",Fire,False
727,incineroar,fire,dark,95,115,90,80,90,60,False,False,727,NU,"Blaze, Intimidate","Fire, Dark",True
728,popplio,water,,50,54,54,66,56,40,False,False,728,LC,"Torrent, Liquid Voice",Water,False
729,brionne,water,,60,69,69,91,81,50,False,False,729,NFE,"Torrent, Liquid Voice",Water,False
730,primarina,water,fairy,80,74,74,126,116,60,False,False,730,OU,"Torrent, Liquid Voice","Water, Fairy",True
731,pikipek,normal,flying,35,75,30,30,30,65,False,False,731,LC,"Keen Eye, Skill Link, Pickup","Normal, Flying",False
732,trumbeak,normal,flying,55,85,50,40,50,75,False,False,732,NFE,"Keen Eye, Skill Link, Pickup","Normal, Flying",False
733,toucannon,normal,flying,80,120,75,75,75,60,False,False,733,ZU,"Keen Eye, Skill Link, Sheer Force","Normal, Flying",True
734,yungoos,normal,,48,70,30,30,30,45,False,False,734,LC,"Stakeout, Strong Jaw, Adaptability",Normal,False
735,gumshoos,normal,,88,110,60,55,60,45,False,False,735,ZU,"Stakeout, Strong Jaw, Adaptability",Normal,True
736,grubbin,bug,,47,62,45,55,45,46,False,False,736,LC,Swarm,Bug,False
737,charjabug,bug,electric,57,82,95,55,75,36,False,False,737,NFE,Battery,"Bug, Electric",False
738,vikavolt,bug,electric,77,70,90,145,75,43,False,False,738,ZU,Levitate,"Bug, Electric",True
739,crabrawler,fighting,,47,82,57,42,47,63,False,False,739,LC,"Hyper Cutter, Iron Fist, Anger Point",Fighting,False
740,crabominable,fighting,ice,97,132,77,62,67,43,False,False,740,ZU,"Hyper Cutter, Iron Fist, Anger Point","Fighting, Ice",True
741,oricorio-baile,fire,flying,75,70,70,98,70,93,False,False,741,ZU,Dancer,"Fire, Flying",True
742,cutiefly,bug,fairy,40,45,40,55,40,84,False,False,742,NFE,"Honey Gather, Shield Dust, Sweet Veil","Bug, Fairy",False
743,ribombee,bug,fairy,60,55,60,95,70,124,False,False,743,RU,"Honey Gather, Shield Dust, Sweet Veil","Bug, Fairy",True
744,rockruff,rock,,45,65,40,30,40,60,False,False,744,LC,"Keen Eye, Vital Spirit, Steadfast, Own Tempo",Rock,False
745,lycanroc-midday,rock,,75,115,65,55,65,112,False,False,745,ZU,"Keen Eye, Sand Rush, Steadfast",Rock,True
747,mareanie,poison,water,50,53,62,43,52,45,False,False,747,LC,"Merciless, Limber, Regenerator","Poison, Water",False
748,toxapex,poison,water,50,63,152,53,142,35,False,False,748,UU,"Merciless, Limber, Regenerator","Poison, Water",True
749,mudbray,ground,,70,100,70,45,55,45,False,False,749,LC,"Own Tempo, Stamina, Inner Focus",Ground,False
750,mudsdale,ground,,100,125,100,55,85,35,False,False,750,PU,"Own Tempo, Stamina, Inner Focus",Ground,True
751,dewpider,water,bug,38,40,52,40,72,27,False,False,751,LC,"Water Bubble, Water Absorb","Water, Bug",False
752,araquanid,water,bug,68,70,92,50,132,42,False,False,752,NU,"Water Bubble, Water Absorb","Water, Bug",True
753,fomantis,grass,,40,55,35,50,35,35,False,False,753,LC,"Leaf Guard, Contrary",Grass,False
754,lurantis,grass,,70,105,90,80,90,45,False,False,754,ZU,"Leaf Guard, Contrary",Grass,True
757,salandit,poison,fire,48,44,40,71,40,77,False,False,757,LC,"Corrosion, Oblivious","Poison, Fire",False
758,salazzle,poison,fire,68,64,60,111,60,117,False,False,758,PU,"Corrosion, Oblivious","Poison, Fire",True
761,bounsweet,grass,,42,30,38,30,38,32,False,False,761,LC,"Leaf Guard, Oblivious, Sweet Veil",Grass,False
762,steenee,grass,,52,40,48,40,48,62,False,False,762,NFE,"Leaf Guard, Oblivious, Sweet Veil",Grass,False
763,tsareena,grass,,72,120,98,50,98,72,False,False,763,NU,"Leaf Guard, Queenly Majesty, Sweet Veil",Grass,True
764,comfey,fairy,,51,52,90,82,110,100,False,False,764,RUBL,"Flower Veil, Triage, Natural Cure",Fairy,True
765,oranguru,normal,psychic,90,60,80,90,110,60,False,False,765,ZU,"Inner Focus, Telepathy, Symbiosis","Normal, Psychic",True
766,passimian,fighting,,100,120,90,40,60,80,False,False,766,PU,"Receiver, Defiant",Fighting,True
769,sandygast,ghost,ground,55,55,80,70,45,15,False,False,769,LC,"Water Compaction, Sand Veil","Ghost, Ground",False
770,palossand,ghost,ground,85,75,110,100,75,35,False,False,770,PU,"Water Compaction, Sand Veil","Ghost, Ground",True
774,minior-red-meteor,rock,flying,60,60,100,60,100,60,False,False,774,ZU,Shields Down,"Rock, Flying",True
775,komala,normal,,65,115,65,75,95,65,False,False,775,ZU,Comatose,Normal,True
778,mimikyu-disguised,ghost,fairy,55,90,80,50,105,96,False,False,778,RU,Disguise,"Ghost, Fairy",True
779,bruxish,water,psychic,68,105,70,70,70,92,False,False,779,PU,"Dazzling, Strong Jaw, Wonder Skin","Water, Psychic",True
782,jangmo-o,dragon,,45,55,65,45,45,45,False,False,782,LC,"Bulletproof, Soundproof, Overcoat",Dragon,False
783,hakamo-o,dragon,fighting,55,75,90,65,70,65,False,False,783,NFE,"Bulletproof, Soundproof, Overcoat","Dragon, Fighting",False
784,kommo-o,dragon,fighting,75,110,125,100,105,85,False,False,784,UUBL,"Bulletproof, Soundproof, Overcoat","Dragon, Fighting",True
789,cosmog,psychic,,43,29,31,29,31,37,True,False,789,LC,Unaware,Psychic,False
790,cosmoem,psychic,,43,29,131,29,131,37,True,False,790,NFE,Sturdy,Psychic,False
791,solgaleo,psychic,steel,137,137,107,113,89,97,True,False,791,Uber,Full Metal Body,"Psychic, Steel",True
792,lunala,psychic,ghost,137,113,89,137,107,97,True,False,792,Uber,Shadow Shield,"Psychic, Ghost",True
800,necrozma,psychic,,97,107,101,127,89,79,True,False,800,RU,Prism Armor,Psychic,True
801,magearna,steel,fairy,80,95,115,130,115,65,False,True,801,Uber,Soul-Heart,"Steel, Fairy",True
810,grookey,grass,,50,65,50,40,40,65,False,False,810,LC,"Overgrow, Grassy Surge",Grass,False
811,thwackey,grass,,70,85,70,55,60,80,False,False,811,NU,"Overgrow, Grassy Surge",Grass,False
812,rillaboom,grass,,100,125,90,60,70,85,False,False,812,OU,"Overgrow, Grassy Surge",Grass,True
813,scorbunny,fire,,50,71,40,40,40,69,False,False,813,LC,"Blaze, Libero",Fire,False
814,raboot,fire,,65,86,60,55,60,94,False,False,814,NFE,"Blaze, Libero",Fire,False
815,cinderace,fire,,80,116,75,65,75,119,False,False,815,OU,"Blaze, Libero",Fire,True
816,sobble,water,,50,40,40,70,40,70,False,False,816,LC,"Torrent, Sniper",Water,False
817,drizzile,water,,65,60,55,95,55,90,False,False,817,NFE,"Torrent, Sniper",Water,False
818,inteleon,water,,70,85,65,125,65,120,False,False,818,PUBL,"Torrent, Sniper",Water,True
819,skwovet,normal,,70,55,55,35,35,25,False,False,819,LC,"Cheek Pouch, Gluttony",Normal,False
820,greedent,normal,,120,95,95,55,75,20,False,False,820,ZU,"Cheek Pouch, Gluttony",Normal,True
821,rookidee,flying,,38,47,35,33,35,57,False,False,821,LC,"Keen Eye, Unnerve, Big Pecks",Flying,False
822,corvisquire,flying,,68,67,55,43,55,77,False,False,822,NFE,"Keen Eye, Unnerve, Big Pecks",Flying,False
823,corviknight,flying,steel,98,87,105,53,85,67,False,False,823,OU,"Pressure, Unnerve, Mirror Armor","Flying, Steel",True
833,chewtle,water,,50,64,50,38,38,44,False,False,833,LC,"Strong Jaw, Shell Armor, Swift Swim",Water,False
834,drednaw,water,rock,90,115,90,48,68,74,False,False,834,PUBL,"Strong Jaw, Shell Armor, Swift Swim","Water, Rock",True
837,rolycoly,rock,,30,40,50,40,50,30,False,False,837,LC,"Steam Engine, Heatproof, Flash Fire",Rock,False
838,carkol,rock,fire,80,60,90,60,70,50,False,False,838,NFE,"Steam Engine, Flame Body, Flash Fire","Rock, Fire",False
839,coalossal,rock,fire,110,80,120,80,90,30,False,False,839,PU,"Steam Engine, Flame Body, Flash Fire","Rock, Fire",True
840,applin,grass,dragon,40,40,80,40,40,20,False,False,840,LC,"Ripen, Gluttony, Bulletproof","Grass, Dragon",False
841,flapple,grass,dragon,70,110,80,95,60,70,False,False,841,ZU,"Ripen, Gluttony, Hustle","Grass, Dragon",True
842,appletun,grass,dragon,110,85,80,100,80,30,False,False,842,ZU,"Ripen, Gluttony, Thick Fat","Grass, Dragon",True
843,silicobra,ground,,52,57,75,35,50,46,False,False,843,LC,"Sand Spit, Shed Skin, Sand Veil",Ground,False
844,sandaconda,ground,,72,107,125,65,70,71,False,False,844,ZU,"Sand Spit, Shed Skin, Sand Veil",Ground,True
845,cramorant,flying,water,70,85,55,85,95,85,False,False,845,PU,Gulp Missile,"Flying, Water",True
846,arrokuda,water,,41,63,40,40,30,66,False,False,846,LC,"Swift Swim, Propeller Tail",Water,False
847,barraskewda,water,,61,123,60,60,50,136,False,False,847,RU,"Swift Swim, Propeller Tail",Water,True
848,toxel,electric,poison,40,38,35,54,35,40,False,False,848,LC,"Rattled, Static, Klutz","Electric, Poison",False
849,toxtricity-amped,electric,poison,75,98,70,114,70,75,False,False,849,RU,"Punk Rock, Plus, Technician","Electric, Poison",True
854,sinistea,ghost,,40,45,45,74,54,50,False,False,854,LC,"Weak Armor, Cursed Body",Ghost,False
855,polteageist,ghost,,60,65,65,134,114,70,False,False,855,UUBL,"Weak Armor, Cursed Body",Ghost,True
856,hatenna,psychic,,42,30,45,56,53,39,False,False,856,LC,"Healer, Anticipation, Magic Bounce",Psychic,False
857,hattrem,psychic,,57,40,65,86,73,49,False,False,857,NFE,"Healer, Anticipation, Magic Bounce",Psychic,False
858,hatterene,psychic,fairy,57,90,95,136,103,29,False,False,858,OU,"Healer, Anticipation, Magic Bounce","Psychic, Fairy",True
859,impidimp,dark,fairy,45,45,30,55,40,50,False,False,859,LC,"Prankster, Frisk, Pickpocket","Dark, Fairy",False
860,morgrem,dark,fairy,65,60,45,75,55,70,False,False,860,NFE,"Prankster, Frisk, Pickpocket","Dark, Fairy",False
861,grimmsnarl,dark,fairy,95,120,65,95,75,60,False,False,861,PU,"Prankster, Frisk, Pickpocket","Dark, Fairy",True
863,perrserker,steel,,70,110,100,50,60,50,False,False,863,ZU,"Battle Armor, Tough Claws, Steely Spirit",Steel,True
868,milcery,fairy,,45,40,40,50,61,34,False,False,868,LC,"Sweet Veil, Aroma Veil",Fairy,False
869,alcremie,fairy,,65,60,75,110,121,64,False,False,869,ZUBL,"Sweet Veil, Aroma Veil",Fairy,True
870,falinks,fighting,,65,100,100,70,60,75,False,False,870,ZU,"Battle Armor, Defiant",Fighting,True
871,pincurchin,electric,,48,101,95,91,85,15,False,False,871,ZU,"Lightning Rod, Electric Surge",Electric,True
872,snom,ice,bug,30,25,35,45,30,20,False,False,872,LC,"Shield Dust, Ice Scales","Ice, Bug",False
873,frosmoth,ice,bug,70,65,60,125,90,65,False,False,873,PUBL,"Shield Dust, Ice Scales","Ice, Bug",True
874,stonjourner,rock,,100,125,135,20,20,70,False,False,874,ZU,Power Spot,Rock,True
875,eiscue-ice,ice,,75,80,110,65,90,50,False,False,875,ZU,Ice Face,Ice,True
876,indeedee-male,psychic,normal,60,65,55,105,95,95,False,False,876,PUBL,"Inner Focus, Synchronize, Psychic Surge","Psychic, Normal",True
877,morpeko-full-belly,electric,dark,58,95,58,70,58,97,False,False,877,ZU,Hunger Switch,"Electric, Dark",True
878,cufant,steel,,72,80,49,40,49,40,False,False,878,LC,"Sheer Force, Heavy Metal",Steel,False
879,copperajah,steel,,122,130,69,80,69,30,False,False,879,NU,"Sheer Force, Heavy Metal",Steel,True
884,duraludon,steel,dragon,70,95,115,120,50,85,False,False,884,NU,"Light Metal, Heavy Metal, Stalwart","Steel, Dragon",False
885,dreepy,dragon,ghost,28,60,30,40,30,82,False,False,885,LC,"Clear Body, Infiltrator, Cursed Body","Dragon, Ghost",False
886,drakloak,dragon,ghost,68,80,50,60,50,102,False,False,886,NFE,"Clear Body, Infiltrator, Cursed Body","Dragon, Ghost",False
887,dragapult,dragon,ghost,88,120,75,100,75,142,False,False,887,OU,"Clear Body, Infiltrator, Cursed Body","Dragon, Ghost",True
888,zacian,fairy,,92,120,115,80,115,138,True,False,888,Uber,Intrepid Sword,Fairy,True
889,zamazenta,fighting,,92,120,115,80,115,138,True,False,889,OU,Dauntless Shield,Fighting,True
890,eternatus,poison,dragon,140,85,95,145,95,130,True,False,890,Uber,Pressure,"Poison, Dragon",True
891,kubfu,fighting,,60,90,60,53,50,72,True,False,891,NFE,Inner Focus,Fighting,False
892,urshifu-single-strike,fighting,dark,100,130,100,63,60,97,True,False,892,Uber,Unseen Fist,"Fighting, Dark",True
893,zarude,dark,grass,105,120,105,70,95,105,False,True,893,UUBL,Leaf Guard,"Dark, Grass",True
894,regieleki,electric,,80,100,50,100,50,200,True,False,894,Uber,Transistor,Electric,True
895,regidrago,dragon,,200,100,50,100,50,80,True,False,895,NUBL,Dragon's Maw,Dragon,True
896,glastrier,ice,,100,145,130,65,110,30,True,False,896,ZU,Chilling Neigh,Ice,True
897,spectrier,ghost,,100,65,60,145,80,130,True,False,897,Uber,Grim Neigh,Ghost,True
898,calyrex,psychic,grass,100,80,80,80,80,80,True,False,898,ZU,Unnerve,"Psychic, Grass",True
899,wyrdeer,normal,psychic,103,105,72,105,75,65,False,False,899,ZU,"Intimidate, Frisk, Sap Sipper","Normal, Psychic",True
900,kleavor,bug,rock,70,135,95,45,70,85,False,False,900,RU,"Swarm, Sheer Force, Sharpness","Bug, Rock",True
901,ursaluna,ground,normal,130,140,105,45,80,50,False,False,901,UUBL,"Guts, Bulletproof, Unnerve","Ground, Normal",True
902,basculegion-male,water,ghost,120,112,65,80,75,78,False,False,902,NU,"Swift Swim, Adaptability, Mold Breaker","Water, Ghost",True
903,sneasler,fighting,poison,80,130,60,40,80,120,False,False,903,Uber,"Pressure, Unburden, Poison Touch","Fighting, Poison",True
904,overqwil,dark,poison,85,115,95,65,65,85,False,False,904,NU,"Poison Point, Swift Swim, Intimidate","Dark, Poison",True
905,enamorus-incarnate,fairy,flying,74,115,70,135,80,106,True,False,905,OU,"Cute Charm, Contrary","Fairy, Flying",True
906,sprigatito,grass,,40,61,54,45,45,65,False,False,906,LC,"Overgrow, Protean",Grass,False
907,floragato,grass,,61,80,63,60,63,83,False,False,907,NFE,"Overgrow, Protean",Grass,False
908,meowscarada,grass,dark,76,110,70,81,70,123,False,False,908,UUBL,"Overgrow, Protean","Grass, Dark",True
909,fuecoco,fire,,67,45,59,63,40,36,False,False,909,LC,"Blaze, Unaware",Fire,False
910,crocalor,fire,,81,55,78,90,58,49,False,False,910,NFE,"Blaze, Unaware",Fire,False
911,skeledirge,fire,ghost,104,75,100,110,75,66,False,False,911,UU,"Blaze, Unaware","Fire, Ghost",True
912,quaxly,water,,55,65,45,50,45,50,False,False,912,LC,"Torrent, Moxie",Water,False
913,quaxwell,water,,70,85,65,65,60,65,False,False,913,NFE,"Torrent, Moxie",Water,False
914,quaquaval,water,fighting,85,120,80,85,75,85,False,False,914,UUBL,"Torrent, Moxie","Water, Fighting",True
915,lechonk,normal,,54,45,40,35,45,35,False,False,915,LC,"Aroma Veil, Gluttony, Thick Fat",Normal,False
916,oinkologne-male,normal,,110,100,75,59,80,65,False,False,916,ZU,"Lingering Aroma, Gluttony, Thick Fat",Normal,True
917,tarountula,bug,,35,41,45,29,40,20,False,False,917,LC,"Insomnia, Stakeout",Bug,False
918,spidops,bug,,60,79,92,52,86,35,False,False,918,ZU,"Insomnia, Stakeout",Bug,True
919,nymble,bug,,33,46,40,21,25,45,False,False,919,LC,"Swarm, Tinted Lens",Bug,False
920,lokix,bug,dark,71,102,78,52,55,92,False,False,920,UU,"Swarm, Tinted Lens","Bug, Dark",True
921,pawmi,electric,,45,50,20,40,25,60,False,False,921,LC,"Static, Natural Cure, Iron Fist",Electric,False
922,pawmo,electric,fighting,60,75,40,50,40,85,False,False,922,NFE,"Volt Absorb, Natural Cure, Iron Fist","Electric, Fighting",False
923,pawmot,electric,fighting,70,115,70,70,60,105,False,False,923,PU,"Volt Absorb, Natural Cure, Iron Fist","Electric, Fighting",True
924,tandemaus,normal,,50,50,45,40,45,75,False,False,924,LC,"Run Away, Pickup, Own Tempo",Normal,False
925,maushold-family-of-four,normal,,74,75,70,65,75,111,False,False,925,RU,"Friend Guard, Cheek Pouch, Technician",Normal,True
926,fidough,fairy,,37,55,70,30,55,65,False,False,926,LC,"Own Tempo, Klutz",Fairy,False
927,dachsbun,fairy,,57,80,115,50,80,95,False,False,927,ZU,"Well-Baked Body, Aroma Veil",Fairy,True
928,smoliv,grass,normal,41,35,45,58,51,30,False,False,928,LC,"Early Bird, Harvest","Grass, Normal",False
929,dolliv,grass,normal,52,53,60,78,78,33,False,False,929,NFE,"Early Bird, Harvest","Grass, Normal",False
930,arboliva,grass,normal,78,69,90,125,109,39,False,False,930,ZU,"Seed Sower, Harvest","Grass, Normal",True
931,squawkabilly-green-plumage,normal,flying,82,96,51,45,51,92,False,False,931,ZU,"Intimidate, Hustle, Guts","Normal, Flying",True
932,nacli,rock,,55,55,75,35,35,25,False,False,932,LC,"Purifying Salt, Sturdy, Clear Body",Rock,False
933,naclstack,rock,,60,60,100,35,65,35,False,False,933,NFE,"Purifying Salt, Sturdy, Clear Body",Rock,False
934,garganacl,rock,,100,100,130,45,90,35,False,False,934,OU,"Purifying Salt, Sturdy, Clear Body",Rock,True
935,charcadet,fire,,40,50,40,50,40,35,False,False,935,LC,"Flash Fire, Flame Body",Fire,False
936,armarouge,fire,psychic,85,60,100,125,80,75,False,False,936,RU,"Flash Fire, Weak Armor","Fire, Psychic",True
937,ceruledge,fire,ghost,75,125,80,60,100,85,False,False,937,OU,"Flash Fire, Weak Armor","Fire, Ghost",True
938,tadbulb,electric,,61,31,41,59,35,45,False,False,938,LC,"Own Tempo, Static, Damp",Electric,False
939,bellibolt,electric,,109,64,91,103,83,45,False,False,939,NU,"Electromorphosis, Static, Damp",Electric,True
940,wattrel,electric,flying,40,40,35,55,40,70,False,False,940,LC,"Wind Power, Volt Absorb, Competitive","Electric, Flying",False
941,kilowattrel,electric,flying,70,70,60,105,60,125,False,False,941,NU,"Wind Power, Volt Absorb, Competitive","Electric, Flying",True
942,maschiff,dark,,60,78,60,40,51,51,False,False,942,LC,"Intimidate, Run Away, Stakeout",Dark,False
943,mabosstiff,dark,,80,120,90,60,70,85,False,False,943,ZU,"Intimidate, Guard Dog, Stakeout",Dark,True
944,shroodle,poison,normal,40,65,35,40,35,75,False,False,944,LC,"Unburden, Pickpocket, Prankster","Poison, Normal",False
945,grafaiai,poison,normal,63,95,65,80,72,110,False,False,945,NU,"Unburden, Poison Touch, Prankster","Poison, Normal",True
946,bramblin,grass,ghost,40,65,30,45,35,60,False,False,946,LC,"Wind Rider, Infiltrator","Grass, Ghost",False
947,brambleghast,grass,ghost,55,115,70,80,70,90,False,False,947,NU,"Wind Rider, Infiltrator","Grass, Ghost",True
948,toedscool,ground,grass,40,40,35,50,100,70,False,False,948,LC,Mycelium Might,"Ground, Grass",False
949,toedscruel,ground,grass,80,70,65,80,120,100,False,False,949,ZU,Mycelium Might,"Ground, Grass",True
950,klawf,rock,,70,100,115,35,55,75,False,False,950,ZU,"Anger Shell, Shell Armor, Regenerator",Rock,True
951,capsakid,grass,,50,62,40,62,40,50,False,False,951,LC,"Chlorophyll, Insomnia, Klutz",Grass,False
952,scovillain,grass,fire,65,108,65,108,65,75,False,False,952,ZU,"Chlorophyll, Insomnia, Moody","Grass, Fire",True
953,rellor,bug,,41,50,60,31,58,30,False,False,953,LC,"Compound Eyes, Shed Skin",Bug,False
954,rabsca,bug,psychic,75,50,85,115,100,45,False,False,954,ZU,"Synchronize, Telepathy","Bug, Psychic",True
955,flittle,psychic,,30,35,30,55,30,75,False,False,955,NFE,"Anticipation, Frisk, Speed Boost",Psychic,False
956,espathra,psychic,,95,60,60,101,60,105,False,False,956,Uber,"Opportunist, Frisk, Speed Boost",Psychic,True
957,tinkatink,fairy,steel,50,45,45,35,64,58,False,False,957,LC,"Mold Breaker, Own Tempo, Pickpocket","Fairy, Steel",False
958,tinkatuff,fairy,steel,65,55,55,45,82,78,False,False,958,NFE,"Mold Breaker, Own Tempo, Pickpocket","Fairy, Steel",False
959,tinkaton,fairy,steel,85,75,77,70,105,94,False,False,959,UU,"Mold Breaker, Own Tempo, Pickpocket","Fairy, Steel",True
960,wiglett,water,,10,55,25,35,25,95,False,False,960,LC,"Gooey, Rattled, Sand Veil",Water,False
961,wugtrio,water,,35,100,50,50,70,120,False,False,961,ZU,"Gooey, Rattled, Sand Veil",Water,True
962,bombirdier,flying,dark,70,103,85,60,85,82,False,False,962,PU,"Big Pecks, Keen Eye, Rocky Payload","Flying, Dark",True
963,finizen,water,,70,45,40,45,40,75,False,False,963,LC,Water Veil,Water,False
964,palafin-zero,water,,100,70,72,53,62,100,False,False,964,Uber,Zero to Hero,Water,True
965,varoom,steel,poison,45,70,63,30,45,47,False,False,965,LC,"Overcoat, Slow Start","Steel, Poison",False
966,revavroom,steel,poison,80,119,90,54,67,90,False,False,966,UU,"Overcoat, Filter","Steel, Poison",True
967,cyclizar,dragon,normal,70,95,65,85,65,121,False,False,967,RU,"Shed Skin, Regenerator","Dragon, Normal",True
968,orthworm,steel,,70,85,145,60,55,65,False,False,968,ZU,"Earth Eater, Sand Veil",Steel,True
969,glimmet,rock,poison,48,35,42,105,60,60,False,False,969,LC,"Toxic Debris, Corrosion","Rock, Poison",False
970,glimmora,rock,poison,83,55,90,130,81,86,False,False,970,OU,"Toxic Debris, Corrosion","Rock, Poison",True
971,greavard,ghost,,50,61,60,30,55,34,False,False,971,LC,"Pickup, Fluffy",Ghost,False
972,houndstone,ghost,,72,101,100,50,97,68,False,False,972,NU,"Sand Rush, Fluffy",Ghost,True
973,flamigo,flying,fighting,82,115,74,75,64,90,False,False,973,NU,"Scrappy, Tangled Feet, Costar","Flying, Fighting",True
974,cetoddle,ice,,108,68,45,30,40,43,False,False,974,LC,"Thick Fat, Snow Cloak, Sheer Force",Ice,False
975,cetitan,ice,,170,113,65,45,55,73,False,False,975,NUBL,"Thick Fat, Slush Rush, Sheer Force",Ice,True
976,veluza,water,psychic,90,102,73,78,65,70,False,False,976,ZU,"Mold Breaker, Sharpness","Water, Psychic",True
977,dondozo,water,,150,100,115,65,65,35,False,False,977,OU,"Unaware, Oblivious, Water Veil",Water,True
978,tatsugiri-curly,dragon,water,68,50,60,120,95,82,False,False,978,PU,"Commander, Storm Drain","Dragon, Water",True
979,annihilape,fighting,ghost,110,115,80,50,90,90,False,False,979,Uber,"Vital Spirit, Inner Focus, Defiant","Fighting, Ghost",True
980,clodsire,poison,ground,130,75,60,45,100,20,False,False,980,UU,"Poison Point, Water Absorb, Unaware","Poison, Ground",True
981,farigiraf,normal,psychic,120,90,70,110,70,60,False,False,981,ZU,"Cud Chew, Armor Tail, Sap Sipper","Normal, Psychic",True
982,dudunsparce-two-segment,normal,,125,100,80,85,75,55,False,False,982,NU,"Serene Grace, Run Away, Rattled",Normal,True
983,kingambit,dark,steel,100,135,120,60,85,50,False,False,983,OU,"Defiant, Supreme Overlord, Pressure","Dark, Steel",True
984,great-tusk,ground,fighting,115,131,131,53,53,87,False,False,984,OU,Protosynthesis,"Ground, Fighting",True
985,scream-tail,fairy,psychic,115,65,99,65,115,111,False,False,985,NU,Protosynthesis,"Fairy, Psychic",True
986,brute-bonnet,grass,dark,111,127,99,79,99,55,False,False,986,ZU,Protosynthesis,"Grass, Dark",True
987,flutter-mane,ghost,fairy,55,55,55,135,135,135,False,False,987,Uber,Protosynthesis,"Ghost, Fairy",True
988,slither-wing,bug,fighting,85,135,79,85,105,81,False,False,988,UU,Protosynthesis,"Bug, Fighting",True
989,sandy-shocks,electric,ground,85,81,97,121,85,101,False,False,989,UU,Protosynthesis,"Electric, Ground",True
990,iron-treads,ground,steel,90,112,120,72,70,106,False,False,990,OU,Quark Drive,"Ground, Steel",True
991,iron-bundle,ice,water,56,80,114,124,60,136,False,False,991,Uber,Quark Drive,"Ice, Water",True
992,iron-hands,fighting,electric,154,140,108,50,68,50,False,False,992,UUBL,Quark Drive,"Fighting, Electric",True
993,iron-jugulis,dark,flying,94,80,86,122,80,108,False,False,993,UU,Quark Drive,"Dark, Flying",True
994,iron-moth,fire,poison,80,70,60,140,110,110,False,False,994,OU,Quark Drive,"Fire, Poison",True
995,iron-thorns,rock,electric,100,134,110,70,84,72,False,False,995,NUBL,Quark Drive,"Rock, Electric",True
996,frigibax,dragon,ice,65,75,45,35,45,55,False,False,996,LC,"Thermal Exchange, Ice Body","Dragon, Ice",False
997,arctibax,dragon,ice,90,95,66,45,65,62,False,False,997,NFE,"Thermal Exchange, Ice Body","Dragon, Ice",False
998,baxcalibur,dragon,ice,115,145,92,75,86,87,False,False,998,Uber,"Thermal Exchange, Ice Body","Dragon, Ice",True
999,gimmighoul,ghost,,45,30,70,75,70,10,False,False,999,LC,Rattled,Ghost,False
1000,gholdengo,steel,ghost,87,60,95,133,91,84,False,False,1000,OU,Good as Gold,"Steel, Ghost",True
1001,wo-chien,dark,grass,85,85,100,95,135,70,True,False,1001,PU,Tablets of Ruin,"Dark, Grass",True
1002,chien-pao,dark,ice,80,120,80,90,65,135,True,False,1002,Uber,Sword of Ruin,"Dark, Ice",True
1003,ting-lu,dark,ground,155,110,125,55,80,45,True,False,1003,OU,Vessel of Ruin,"Dark, Ground",True
1004,chi-yu,dark,fire,55,80,80,135,120,100,True,False,1004,Uber,Beads of Ruin,"Dark, Fire",True
1005,roaring-moon,dragon,dark,105,139,71,55,101,119,False,False,1005,Uber,Protosynthesis,"Dragon, Dark",True
1006,iron-valiant,fairy,fighting,74,130,90,120,60,116,False,False,1006,OU,Quark Drive,"Fairy, Fighting",True
1007,koraidon,fighting,dragon,100,135,115,85,100,135,True,False,1007,Uber,Orichalcum Pulse,"Fighting, Dragon",True
1008,miraidon,electric,dragon,100,85,100,135,115,135,True,False,1008,AG,Hadron Engine,"Electric, Dragon",True
1009,walking-wake,water,dragon,99,83,91,125,83,109,False,False,1009,OU,Protosynthesis,"Water, Dragon",True
1010,iron-leaves,grass,psychic,90,130,88,70,108,104,False,False,1010,RUBL,Quark Drive,"Grass, Psychic",True
1011,dipplin,grass,dragon,80,80,110,95,80,40,False,False,1011,NFE,"Supersweet Syrup, Gluttony, Sticky Hold","Grass, Dragon",False
1012,poltchageist,grass,ghost,40,45,45,74,54,50,False,False,1012,LC,"Hospitality, Heatproof","Grass, Ghost",False
1013,sinistcha,grass,ghost,71,60,106,121,80,70,False,False,1013,UU,"Hospitality, Heatproof","Grass, Ghost",True
1014,okidogi,poison,fighting,88,128,115,58,86,80,True,False,1014,UUBL,"Toxic Chain, Guard Dog","Poison, Fighting",True
1015,munkidori,poison,psychic,88,75,66,130,90,106,True,False,1015,NU,"Toxic Chain, Frisk","Poison, Psychic",True
1016,fezandipiti,poison,fairy,88,91,82,70,125,99,True,False,1016,UU,"Toxic Chain, Technician","Poison, Fairy",True
1017,ogerpon,grass,,80,120,84,60,96,110,True,False,1017,OU,Defiant,Grass,True
1018,archaludon,steel,dragon,90,105,130,125,65,85,False,False,1018,Uber,"Stamina, Sturdy, Stalwart","Steel, Dragon",True
1019,hydrapple,grass,dragon,106,80,110,120,80,44,False,False,1019,UU,"Supersweet Syrup, Regenerator, Sticky Hold","Grass, Dragon",True
1020,gouging-fire,fire,dragon,105,115,121,65,93,91,False,False,1020,Uber,Protosynthesis,"Fire, Dragon",True
1021,raging-bolt,electric,dragon,125,73,91,137,89,75,False,False,1021,OU,Protosynthesis,"Electric, Dragon",True
1022,iron-boulder,rock,psychic,90,120,80,68,108,124,False,False,1022,UUBL,Quark Drive,"Rock, Psychic",True
1023,iron-crown,steel,psychic,90,72,100,122,108,98,False,False,1023,OU,Quark Drive,"Steel, Psychic",True
1024,terapagos,normal,,90,65,85,65,85,60,True,False,1024,Uber,Tera Shift,Normal,True
1025,pecharunt,poison,ghost,88,88,160,88,88,88,False,True,1025,OU,Poison Puppeteer,"Poison, Ghost",True
10231,voltorb-hisui,electric,grass,40,30,50,55,55,100,False,False,100,NFE,"Soundproof, Static, Aftermath","Electric, Grass",False
10232,electrode-hisui,electric,grass,60,50,70,80,80,150,False,False,101,ZUBL,"Soundproof, Static, Aftermath","Electric, Grass",True
10275,ogerpon-cornerstone-mask,grass,rock,80,120,84,60,96,110,True,False,1017,UUBL,Sturdy,"Grass, Rock",True
10274,ogerpon-hearthflame-mask,grass,fire,80,120,84,60,96,110,True,False,1017,Uber,Mold Breaker,"Grass, Fire",True
10273,ogerpon-wellspring-mask,grass,water,80,120,84,60,96,110,True,False,1017,OU,Water Absorb,"Grass, Water",True
10114,exeggutor-alola,grass,dragon,95,105,85,125,75,45,False,False,103,ZU,"Frisk, Harvest","Grass, Dragon",True
10167,weezing-galar,poison,fairy,65,90,120,85,70,60,False,False,110,OU,"Levitate, Neutralizing Gas, Misty Surge","Poison, Fairy",True
10252,tauros-paldea-aqua-breed,fighting,water,75,110,105,30,70,100,False,False,128,NU,"Intimidate, Anger Point, Cud Chew","Fighting, Water",True
10251,tauros-paldea-blaze-breed,fighting,fire,75,110,105,30,70,100,False,False,128,PU,"Intimidate, Anger Point, Cud Chew","Fighting, Fire",True
10250,tauros-paldea-combat-breed,fighting,,75,110,105,30,70,100,False,False,128,ZU,"Intimidate, Anger Point, Cud Chew",Fighting,True
10169,articuno-galar,psychic,flying,90,85,85,125,100,95,True,False,144,NU,Competitive,"Psychic, Flying",True
10170,zapdos-galar,fighting,flying,90,125,90,85,90,100,True,False,145,UU,Defiant,"Fighting, Flying",True
10171,moltres-galar,dark,flying,90,85,90,100,125,90,True,False,146,UUBL,Berserk,"Dark, Flying",True
10233,typhlosion-hisui,fire,ghost,73,84,78,119,85,95,False,False,157,PU,"Blaze, Frisk","Fire, Ghost",True
10253,wooper-paldea,poison,ground,55,45,45,25,25,15,False,False,194,LC,"Poison Point, Water Absorb, Unaware","Poison, Ground",False
10172,slowking-galar,poison,psychic,95,65,80,110,110,30,False,False,199,OU,"Curious Medicine, Own Tempo, Regenerator","Poison, Psychic",True
10234,qwilfish-hisui,dark,poison,65,95,85,55,55,85,False,False,211,PU,"Poison Point, Swift Swim, Intimidate","Dark, Poison",False
10235,sneasel-hisui,fighting,poison,55,95,55,35,75,115,False,False,215,ZU,"Inner Focus, Keen Eye, Pickpocket","Fighting, Poison",False
10100,raichu-alola,electric,psychic,60,85,50,95,85,110,False,False,26,ZU,Surge Surfer,"Electric, Psychic",True
10101,sandshrew-alola,ice,steel,50,75,90,10,35,40,False,False,27,LC,"Snow Cloak, Slush Rush","Ice, Steel",False
10102,sandslash-alola,ice,steel,75,100,120,25,65,65,False,False,28,PU,"Snow Cloak, Slush Rush","Ice, Steel",True
10103,vulpix-alola,ice,,38,41,40,50,65,65,False,False,37,NFE,"Snow Cloak, Snow Warning",Ice,False
10104,ninetales-alola,ice,fairy,73,67,75,81,100,109,False,False,38,PU,"Snow Cloak, Snow Warning","Ice, Fairy",True
10001,deoxys-attack,psychic,,50,180,20,180,20,150,False,True,386,Uber,Pressure,Psychic,True
10002,deoxys-defense,psychic,,50,70,160,70,160,90,False,True,386,NUBL,Pressure,Psychic,True
10003,deoxys-speed,psychic,,50,95,90,95,90,180,False,True,386,OU,Pressure,Psychic,True
10011,rotom-fan,electric,flying,50,65,107,105,107,86,False,False,479,ZU,Levitate,"Electric, Flying",True
10010,rotom-frost,electric,ice,50,65,107,105,107,86,False,False,479,ZU,Levitate,"Electric, Ice",True
10008,rotom-heat,electric,fire,50,65,107,105,107,86,False,False,479,PU,Levitate,"Electric, Fire",True
10012,rotom-mow,electric,grass,50,65,107,105,107,86,False,False,479,PU,Levitate,"Electric, Grass",True
10009,rotom-wash,electric,water,50,65,107,105,107,86,False,False,479,UU,Levitate,"Electric, Water",True
10245,dialga-origin,steel,dragon,100,100,120,150,120,90,True,False,483,Uber,"Pressure, Telepathy","Steel, Dragon",True
10246,palkia-origin,water,dragon,90,100,100,150,120,120,True,False,484,Uber,"Pressure, Telepathy","Water, Dragon",True
10007,giratina-origin,ghost,dragon,150,120,100,120,100,90,True,False,487,Uber,Levitate,"Ghost, Dragon",True
10006,shaymin-sky,grass,flying,100,103,75,120,75,127,False,True,492,Uber,Serene Grace,"Grass, Flying",True
10105,diglett-alola,ground,steel,10,55,30,35,45,90,False,False,50,LC,"Sand Veil, Tangling Hair, Sand Force","Ground, Steel",False
10236,samurott-hisui,water,dark,90,108,80,100,65,85,False,False,503,OU,"Torrent, Sharpness","Water, Dark",True
10106,dugtrio-alola,ground,steel,35,100,60,50,70,110,False,False,51,ZU,"Sand Veil, Tangling Hair, Sand Force","Ground, Steel",True
10107,meowth-alola,dark,,40,35,35,50,40,90,False,False,52,LC,"Pickup, Technician, Rattled",Dark,False
10161,meowth-galar,steel,,50,65,55,40,40,40,False,False,52,LC,"Pickup, Tough Claws, Unnerve",Steel,False
10108,persian-alola,dark,,65,60,60,75,65,115,False,False,53,ZU,"Fur Coat, Technician, Rattled",Dark,True
10237,lilligant-hisui,grass,fighting,70,105,75,50,75,105,False,False,549,RUBL,"Chlorophyll, Hustle, Leaf Guard","Grass, Fighting",True
10016,basculin-blue-striped,water,,70,92,65,80,55,98,False,False,550,ZU,"Rock Head, Adaptability, Mold Breaker",Water,True
10247,basculin-white-striped,water,,70,92,65,80,55,98,False,False,550,ZU,"Rattled, Adaptability, Mold Breaker",Water,False
10238,zorua-hisui,normal,ghost,35,60,40,85,40,70,False,False,570,LC,Illusion,"Normal, Ghost",False
10239,zoroark-hisui,normal,ghost,55,100,60,125,60,110,False,False,571,RUBL,Illusion,"Normal, Ghost",True
10229,growlithe-hisui,fire,rock,60,75,45,65,50,55,False,False,58,LC,"Intimidate, Flash Fire, Rock Head","Fire, Rock",False
10230,arcanine-hisui,fire,rock,95,115,80,95,80,90,False,False,59,UU,"Intimidate, Flash Fire, Rock Head","Fire, Rock",True
10240,braviary-hisui,psychic,flying,110,83,70,112,70,65,False,False,628,PU,"Keen Eye, Sheer Force, Tinted Lens","Psychic, Flying",True
10019,tornadus-therian,flying,,79,100,80,110,90,121,True,False,641,OU,Regenerator,Flying,True
10020,thundurus-therian,electric,flying,79,105,70,145,80,101,True,False,642,UU,Volt Absorb,"Electric, Flying",True
10021,landorus-therian,ground,flying,89,145,90,105,80,91,True,False,645,OU,Intimidate,"Ground, Flying",True
10022,kyurem-black,dragon,ice,125,170,100,120,90,95,True,False,646,Uber,Teravolt,"Dragon, Ice",True
10023,kyurem-white,dragon,ice,125,120,90,170,100,95,True,False,646,Uber,Turboblaze,"Dragon, Ice",True
10024,keldeo-resolute,water,fighting,91,72,90,129,90,108,False,True,647,UU,Justified,"Water, Fighting",True
10116,greninja-battle-bond,water,dark,72,95,67,103,71,122,False,False,658,UU,Battle Bond,"Water, Dark",True
10025,meowstic-female,psychic,,74,48,76,83,81,104,False,False,678,ZU,"Keen Eye, Infiltrator, Competitive",Psychic,True
10241,sliggoo-hisui,steel,dragon,58,75,83,83,113,40,False,False,705,NFE,"Sap Sipper, Shell Armor, Gooey","Steel, Dragon",False
10242,goodra-hisui,steel,dragon,80,100,100,110,150,60,False,False,706,RU,"Sap Sipper, Shell Armor, Gooey","Steel, Dragon",True
10243,avalugg-hisui,ice,rock,95,127,184,34,36,38,False,False,713,PU,"Strong Jaw, Ice Body, Sturdy","Ice, Rock",True
10086,hoopa-unbound,psychic,dark,80,160,60,170,130,80,False,True,720,UUBL,Magician,"Psychic, Dark",True
10244,decidueye-hisui,grass,fighting,88,112,80,95,95,60,False,False,724,PU,"Overgrow, Scrappy","Grass, Fighting",True
10109,geodude-alola,rock,electric,40,80,100,30,30,20,False,False,74,LC,"Magnet Pull, Sturdy, Galvanize","Rock, Electric",False
10124,oricorio-pau,psychic,flying,75,70,70,98,70,93,False,False,741,ZU,Dancer,"Psychic, Flying",True
10123,oricorio-pom-pom,electric,flying,75,70,70,98,70,93,False,False,741,RUBL,Dancer,"Electric, Flying",True
10125,oricorio-sensu,ghost,flying,75,70,70,98,70,93,False,False,741,NUBL,Dancer,"Ghost, Flying",True
10151,rockruff-own-tempo,rock,,45,65,40,30,40,60,False,False,744,LC,Own Tempo,Rock,False
10152,lycanroc-dusk,rock,,75,117,65,55,65,110,False,False,745,NUBL,Tough Claws,Rock,True
10126,lycanroc-midnight,rock,,85,115,75,55,75,82,False,False,745,ZU,"Keen Eye, Vital Spirit, No Guard",Rock,True
10110,graveler-alola,rock,electric,55,95,115,45,45,35,False,False,75,NFE,"Magnet Pull, Sturdy, Galvanize","Rock, Electric",False
10111,golem-alola,rock,electric,80,120,130,55,65,45,False,False,76,ZU,"Magnet Pull, Sturdy, Galvanize","Rock, Electric",True
10164,slowpoke-galar,psychic,,90,65,65,40,40,15,False,False,79,LC,"Gluttony, Own Tempo, Regenerator",Psychic,False
10165,slowbro-galar,poison,psychic,95,100,95,100,70,30,False,False,80,PU,"Quick Draw, Own Tempo, Regenerator","Poison, Psychic",True
10156,necrozma-dawn,psychic,ghost,97,113,109,157,127,77,True,False,800,Uber,Prism Armor,"Psychic, Ghost",True
10155,necrozma-dusk,psychic,steel,97,157,127,113,109,77,True,False,800,Uber,Prism Armor,"Psychic, Steel",True
10147,magearna-original,steel,fairy,80,95,115,130,115,65,False,True,801,Uber,Soul-Heart,"Steel, Fairy",True
10184,toxtricity-low-key,electric,poison,75,98,70,114,70,75,False,False,849,RU,"Punk Rock, Minus, Technician","Electric, Poison",True
10186,indeedee-female,psychic,normal,70,55,65,95,105,85,False,False,876,ZU,"Own Tempo, Synchronize, Psychic Surge","Psychic, Normal",True
10112,grimer-alola,poison,dark,80,80,50,40,50,25,False,False,88,LC,"Poison Touch, Gluttony, Power of Alchemy","Poison, Dark",False
10188,zacian-crowned,fairy,steel,92,150,115,80,115,148,True,False,888,Uber,Intrepid Sword,"Fairy, Steel",True
10189,zamazenta-crowned,fighting,steel,92,120,140,80,140,128,True,False,889,Uber,Dauntless Shield,"Fighting, Steel",True
10113,muk-alola,poison,dark,105,105,75,65,100,50,False,False,89,RU,"Poison Touch, Gluttony, Power of Alchemy","Poison, Dark",True
10191,urshifu-rapid-strike,fighting,water,100,130,100,63,60,97,True,False,892,Uber,Unseen Fist,"Fighting, Water",True
10192,zarude-dada,dark,grass,105,120,105,70,95,105,False,True,893,UUBL,Leaf Guard,"Dark, Grass",True
10193,calyrex-ice,psychic,ice,100,165,150,85,130,50,True,False,898,Uber,As One (Glastrier),"Psychic, Ice",True
10194,calyrex-shadow,psychic,ghost,100,85,80,165,100,150,True,False,898,AG,As One (Spectrier),"Psychic, Ghost",True
10272,ursaluna-bloodmoon,ground,normal,113,70,120,135,65,52,False,False,901,Uber,Mind's Eye,"Ground, Normal",True
10248,basculegion-female,water,ghost,120,92,65,100,75,78,False,False,902,RU,"Swift Swim, Adaptability, Mold Breaker","Water, Ghost",True
10249,enamorus-therian,fairy,flying,74,115,110,135,100,46,True,False,905,RUBL,Overcoat,"Fairy, Flying",True
10254,oinkologne-female,normal,,115,90,70,59,90,65,False,False,916,ZU,"Aroma Veil, Gluttony, Thick Fat",Normal,True
10257,maushold-family-of-three,normal,,74,75,70,65,75,111,False,False,925,RU,"Friend Guard, Cheek Pouch, Technician",Normal,True
10260,squawkabilly-blue-plumage,normal,flying,82,96,51,45,51,92,False,False,931,ZU,"Intimidate, Hustle, Guts","Normal, Flying",True
10262,squawkabilly-white-plumage,normal,flying,82,96,51,45,51,92,False,False,931,ZU,"Intimidate, Hustle, Sheer Force","Normal, Flying",True
10261,squawkabilly-yellow-plumage,normal,flying,82,96,51,45,51,92,False,False,931,ZU,"Intimidate, Hustle, Sheer Force","Normal, Flying",True
10258,tatsugiri-droopy,dragon,water,68,50,60,120,95,82,False,False,978,PU,"Commander, Storm Drain","Dragon, Water",True
10259,tatsugiri-stretchy,dragon,water,68,50,60,120,95,82,False,False,978,PU,"Commander, Storm Drain","Dragon, Water",True
10255,dudunsparce-three-segment,normal,,125,100,80,85,75,55,False,False,982,NU,"Serene Grace, Run Away, Rattled",Normal,True
10263,gimmighoul-roaming,ghost,,45,30,25,75,45,80,False,False,999,LC,Run Away,Ghost,True
493,arceus-bug,bug,,120,120,120,120,120,120,False,True,493,Uber,Multitype,Bug,True
493,arceus-dark,dark,,120,120,120,120,120,120,False,True,493,Uber,Multitype,Dark,True
493,arceus-dragon,dragon,,120,120,120,120,120,120,False,True,493,Uber,Multitype,Dragon,True
493,arceus-electric,electric,,120,120,120,120,120,120,False,True,493,Uber,Multitype,Electric,True
493,arceus-fighting,fighting,,120,120,120,120,120,120,False,True,493,Uber,Multitype,Fighting,True
493,arceus-fire,fire,,120,120,120,120,120,120,False,True,493,Uber,Multitype,Fire,True
493,arceus-flying,flying,,120,120,120,120,120,120,False,True,493,Uber,Multitype,Flying,True
493,arceus-ghost,ghost,,120,120,120,120,120,120,False,True,493,Uber,Multitype,Ghost,True
493,arceus-grass,grass,,120,120,120,120,120,120,False,True,493,Uber,Multitype,Grass,True
493,arceus-ground,ground,,120,120,120,120,120,120,False,True,493,Uber,Multitype,Ground,True
493,arceus-ice,ice,,120,120,120,120,120,120,False,True,493,Uber,Multitype,Ice,True
493,arceus-poison,poison,,120,120,120,120,120,120,False,True,493,Uber,Multitype,Poison,True
493,arceus-psychic,psychic,,120,120,120,120,120,120,False,True,493,Uber,Multitype,Psychic,True
493,arceus-rock,rock,,120,120,120,120,120,120,False,True,493,Uber,Multitype,Rock,True
493,arceus-steel,steel,,120,120,120,120,120,120,False,True,493,Uber,Multitype,Steel,True
493,arceus-water,water,,120,120,120,120,120,120,False,True,493,Uber,Multitype,Water,True
493,arceus-fairy,fairy,,120,120,120,120,120,120,False,True,493,Uber,Multitype,Fairy,True
